rule_id,med_id,principio_activo,indicacion,poblacion,via,metrica_renal,rango,limite_inferior,limite_superior,inferior_inclusivo,superior_inclusivo,regimen_ajustado,tipo_regla,notas,fuente,url_fuente,fecha_revision,estado,automatizable
REN-0001,MED-0017,ACICLOVIR,HSV no SNC,Adulto,IV,CrCl_CG_mL_min,>50,50,,NO,NO,5 mg/kg IV q8h,REGIMEN,En obesidad UCSF recomienda peso ajustado si peso total >120% del peso ideal.,"UCSF IDMP – Adult Antimicrobial Dosing, Non-dialysis",https://idmp.ucsf.edu/adult-antimicrobial-dosing-non-dialysis,2026-09-02,VALIDADO,SI
REN-0002,MED-0017,ACICLOVIR,HSV no SNC,Adulto,IV,CrCl_CG_mL_min,25–50,25,50,SI,SI,5 mg/kg IV q12h,REGIMEN,En obesidad UCSF recomienda peso ajustado si peso total >120% del peso ideal.,"UCSF IDMP – Adult Antimicrobial Dosing, Non-dialysis",https://idmp.ucsf.edu/adult-antimicrobial-dosing-non-dialysis,2026-09-02,VALIDADO,SI
REN-0003,MED-0017,ACICLOVIR,HSV no SNC,Adulto,IV,CrCl_CG_mL_min,10–<25,10,25,SI,NO,5 mg/kg IV q24h,REGIMEN,En obesidad UCSF recomienda peso ajustado si peso total >120% del peso ideal.,"UCSF IDMP – Adult Antimicrobial Dosing, Non-dialysis",https://idmp.ucsf.edu/adult-antimicrobial-dosing-non-dialysis,2026-09-02,VALIDADO,SI
REN-0004,MED-0017,ACICLOVIR,HSV no SNC,Adulto,IV,CrCl_CG_mL_min,<10,,10,SI,NO,2.5 mg/kg IV q24h,REGIMEN,En obesidad UCSF recomienda peso ajustado si peso total >120% del peso ideal.,"UCSF IDMP – Adult Antimicrobial Dosing, Non-dialysis",https://idmp.ucsf.edu/adult-antimicrobial-dosing-non-dialysis,2026-09-02,VALIDADO,SI
REN-0005,MED-0017,ACICLOVIR,Encefalitis HSV / VZV diseminado,Adulto,IV,CrCl_CG_mL_min,>50,50,,NO,NO,10 mg/kg IV q8h,REGIMEN,En obesidad UCSF recomienda peso ajustado si peso total >120% del peso ideal.,"UCSF IDMP – Adult Antimicrobial Dosing, Non-dialysis",https://idmp.ucsf.edu/adult-antimicrobial-dosing-non-dialysis,2026-09-02,VALIDADO,SI
REN-0006,MED-0017,ACICLOVIR,Encefalitis HSV / VZV diseminado,Adulto,IV,CrCl_CG_mL_min,25–50,25,50,SI,SI,10 mg/kg IV q12h,REGIMEN,En obesidad UCSF recomienda peso ajustado si peso total >120% del peso ideal.,"UCSF IDMP – Adult Antimicrobial Dosing, Non-dialysis",https://idmp.ucsf.edu/adult-antimicrobial-dosing-non-dialysis,2026-09-02,VALIDADO,SI
REN-0007,MED-0017,ACICLOVIR,Encefalitis HSV / VZV diseminado,Adulto,IV,CrCl_CG_mL_min,10–<25,10,25,SI,NO,10 mg/kg IV q24h,REGIMEN,En obesidad UCSF recomienda peso ajustado si peso total >120% del peso ideal.,"UCSF IDMP – Adult Antimicrobial Dosing, Non-dialysis",https://idmp.ucsf.edu/adult-antimicrobial-dosing-non-dialysis,2026-09-02,VALIDADO,SI
REN-0008,MED-0017,ACICLOVIR,Encefalitis HSV / VZV diseminado,Adulto,IV,CrCl_CG_mL_min,<10,,10,SI,NO,5 mg/kg IV q24h,REGIMEN,En obesidad UCSF recomienda peso ajustado si peso total >120% del peso ideal.,"UCSF IDMP – Adult Antimicrobial Dosing, Non-dialysis",https://idmp.ucsf.edu/adult-antimicrobial-dosing-non-dialysis,2026-09-02,VALIDADO,SI
REN-0009,MED-0053,AMOXICILINA,ITU sintomática por Enterococcus,Adulto,PO,CrCl_CG_mL_min,>30,30,,NO,NO,500 mg PO q8h,REGIMEN,,"UCSF IDMP – Adult Antimicrobial Dosing, Non-dialysis",https://idmp.ucsf.edu/adult-antimicrobial-dosing-non-dialysis,2026-09-02,VALIDADO,SI
REN-0010,MED-0053,AMOXICILINA,ITU sintomática por Enterococcus,Adulto,PO,CrCl_CG_mL_min,10–30,10,30,SI,SI,500 mg PO q12h,REGIMEN,,"UCSF IDMP – Adult Antimicrobial Dosing, Non-dialysis",https://idmp.ucsf.edu/adult-antimicrobial-dosing-non-dialysis,2026-09-02,VALIDADO,SI
REN-0011,MED-0053,AMOXICILINA,ITU sintomática por Enterococcus,Adulto,PO,CrCl_CG_mL_min,<10,,10,SI,NO,500 mg PO q24h,REGIMEN,,"UCSF IDMP – Adult Antimicrobial Dosing, Non-dialysis",https://idmp.ucsf.edu/adult-antimicrobial-dosing-non-dialysis,2026-09-02,VALIDADO,SI
REN-0012,MED-0053,AMOXICILINA,Infección grave / bacteriemia GN / NAC seleccionada,Adulto,PO,CrCl_CG_mL_min,>30,30,,NO,NO,1 g PO q8h,REGIMEN,,"UCSF IDMP – Adult Antimicrobial Dosing, Non-dialysis",https://idmp.ucsf.edu/adult-antimicrobial-dosing-non-dialysis,2026-09-02,VALIDADO,SI
REN-0013,MED-0053,AMOXICILINA,Infección grave / bacteriemia GN / NAC seleccionada,Adulto,PO,CrCl_CG_mL_min,10–30,10,30,SI,SI,1 g PO q12h,REGIMEN,,"UCSF IDMP – Adult Antimicrobial Dosing, Non-dialysis",https://idmp.ucsf.edu/adult-antimicrobial-dosing-non-dialysis,2026-09-02,VALIDADO,SI
REN-0014,MED-0053,AMOXICILINA,Infección grave / bacteriemia GN / NAC seleccionada,Adulto,PO,CrCl_CG_mL_min,<10,,10,SI,NO,500 mg PO q12h,REGIMEN,,"UCSF IDMP – Adult Antimicrobial Dosing, Non-dialysis",https://idmp.ucsf.edu/adult-antimicrobial-dosing-non-dialysis,2026-09-02,VALIDADO,SI
REN-0015,MED-0054,AMPICILINA,ITU / infecciones donde se usa régimen 2 g,Adulto,IV,CrCl_CG_mL_min,>50,50,,NO,NO,2 g IV q6h,REGIMEN,La indicación y dosis de base deben corresponder al régimen seleccionado; meningitis/endocarditis requieren revisión específica.,"UCSF IDMP – Adult Antimicrobial Dosing, Non-dialysis",https://idmp.ucsf.edu/adult-antimicrobial-dosing-non-dialysis,2026-09-02,VALIDADO,SI
REN-0016,MED-0054,AMPICILINA,ITU / infecciones donde se usa régimen 2 g,Adulto,IV,CrCl_CG_mL_min,30–50,30,50,SI,SI,2 g IV q8h,REGIMEN,La indicación y dosis de base deben corresponder al régimen seleccionado; meningitis/endocarditis requieren revisión específica.,"UCSF IDMP – Adult Antimicrobial Dosing, Non-dialysis",https://idmp.ucsf.edu/adult-antimicrobial-dosing-non-dialysis,2026-09-02,VALIDADO,SI
REN-0017,MED-0054,AMPICILINA,ITU / infecciones donde se usa régimen 2 g,Adulto,IV,CrCl_CG_mL_min,15–<30,15,30,SI,NO,2 g IV q12h,REGIMEN,La indicación y dosis de base deben corresponder al régimen seleccionado; meningitis/endocarditis requieren revisión específica.,"UCSF IDMP – Adult Antimicrobial Dosing, Non-dialysis",https://idmp.ucsf.edu/adult-antimicrobial-dosing-non-dialysis,2026-09-02,VALIDADO,SI
REN-0018,MED-0054,AMPICILINA,ITU / infecciones donde se usa régimen 2 g,Adulto,IV,CrCl_CG_mL_min,<15,,15,SI,NO,2 g IV q24h,REGIMEN,La indicación y dosis de base deben corresponder al régimen seleccionado; meningitis/endocarditis requieren revisión específica.,"UCSF IDMP – Adult Antimicrobial Dosing, Non-dialysis",https://idmp.ucsf.edu/adult-antimicrobial-dosing-non-dialysis,2026-09-02,VALIDADO,SI
REN-0019,MED-0109,CEFADROXILO,Adulto – esquema de ficha técnica,Adulto,PO,CrCl_mL_min_1_73m2,>50,50,,NO,NO,Dosis habitual,REGIMEN,,DailyMed – Cefadroxil prescribing information,https://dailymed.nlm.nih.gov/dailymed/drugInfo.cfm?setid=485bc35b-637a-426b-aaa2-023c664914ae,2026-09-02,VALIDADO,SI
REN-0020,MED-0109,CEFADROXILO,Adulto – esquema de ficha técnica,Adulto,PO,CrCl_mL_min_1_73m2,25–50,25,50,SI,SI,"Carga 1000 mg, luego 500 mg q12h",REGIMEN,,DailyMed – Cefadroxil prescribing information,https://dailymed.nlm.nih.gov/dailymed/drugInfo.cfm?setid=485bc35b-637a-426b-aaa2-023c664914ae,2026-09-02,VALIDADO,SI
REN-0021,MED-0109,CEFADROXILO,Adulto – esquema de ficha técnica,Adulto,PO,CrCl_mL_min_1_73m2,10–<25,10,25,SI,NO,"Carga 1000 mg, luego 500 mg q24h",REGIMEN,,DailyMed – Cefadroxil prescribing information,https://dailymed.nlm.nih.gov/dailymed/drugInfo.cfm?setid=485bc35b-637a-426b-aaa2-023c664914ae,2026-09-02,VALIDADO,SI
REN-0022,MED-0109,CEFADROXILO,Adulto – esquema de ficha técnica,Adulto,PO,CrCl_mL_min_1_73m2,0–<10,0,10,SI,NO,"Carga 1000 mg, luego 500 mg q36h",REGIMEN,,DailyMed – Cefadroxil prescribing information,https://dailymed.nlm.nih.gov/dailymed/drugInfo.cfm?setid=485bc35b-637a-426b-aaa2-023c664914ae,2026-09-02,VALIDADO,SI
REN-0023,MED-0115,CEFUROXIMA,Todas las indicaciones – cefuroxima axetilo,Adulto,PO,CrCl_CG_mL_min,>30,30,,NO,NO,500 mg PO q12h,REGIMEN,,"UCSF IDMP – Adult Antimicrobial Dosing, Non-dialysis",https://idmp.ucsf.edu/adult-antimicrobial-dosing-non-dialysis,2026-09-02,VALIDADO,SI
REN-0024,MED-0115,CEFUROXIMA,Todas las indicaciones – cefuroxima axetilo,Adulto,PO,CrCl_CG_mL_min,10–30,10,30,SI,SI,250 mg PO q12h,REGIMEN,,"UCSF IDMP – Adult Antimicrobial Dosing, Non-dialysis",https://idmp.ucsf.edu/adult-antimicrobial-dosing-non-dialysis,2026-09-02,VALIDADO,SI
REN-0025,MED-0115,CEFUROXIMA,Todas las indicaciones – cefuroxima axetilo,Adulto,PO,CrCl_CG_mL_min,<10,,10,SI,NO,250 mg PO q24h,REGIMEN,,"UCSF IDMP – Adult Antimicrobial Dosing, Non-dialysis",https://idmp.ucsf.edu/adult-antimicrobial-dosing-non-dialysis,2026-09-02,VALIDADO,SI
REN-0026,MED-0110,CEFALEXINA,Mayoría de indicaciones,Adulto,PO,CrCl_CG_mL_min,>50,50,,NO,NO,500 mg PO QID o 1000 mg PO TID,REGIMEN,"Para “mayoría de indicaciones” y “cistitis/faringitis”, la tabla UCSF recuperada no especifica <15 mL/min; la app no extrapola.","UCSF IDMP – Adult Antimicrobial Dosing, Non-dialysis",https://idmp.ucsf.edu/adult-antimicrobial-dosing-non-dialysis,2026-09-02,VALIDADO,SI
REN-0027,MED-0110,CEFALEXINA,Mayoría de indicaciones,Adulto,PO,CrCl_CG_mL_min,30–50,30,50,SI,SI,250–500 mg PO TID,REGIMEN,"Para “mayoría de indicaciones” y “cistitis/faringitis”, la tabla UCSF recuperada no especifica <15 mL/min; la app no extrapola.","UCSF IDMP – Adult Antimicrobial Dosing, Non-dialysis",https://idmp.ucsf.edu/adult-antimicrobial-dosing-non-dialysis,2026-09-02,VALIDADO,SI
REN-0028,MED-0110,CEFALEXINA,Mayoría de indicaciones,Adulto,PO,CrCl_CG_mL_min,15–<30,15,30,SI,NO,250–500 mg PO BID,REGIMEN,"Para “mayoría de indicaciones” y “cistitis/faringitis”, la tabla UCSF recuperada no especifica <15 mL/min; la app no extrapola.","UCSF IDMP – Adult Antimicrobial Dosing, Non-dialysis",https://idmp.ucsf.edu/adult-antimicrobial-dosing-non-dialysis,2026-09-02,VALIDADO,SI
REN-0029,MED-0110,CEFALEXINA,Cistitis no complicada / faringitis estreptocócica,Adulto,PO,CrCl_CG_mL_min,>50,50,,NO,NO,500 mg PO BID,REGIMEN,"Para “mayoría de indicaciones” y “cistitis/faringitis”, la tabla UCSF recuperada no especifica <15 mL/min; la app no extrapola.","UCSF IDMP – Adult Antimicrobial Dosing, Non-dialysis",https://idmp.ucsf.edu/adult-antimicrobial-dosing-non-dialysis,2026-09-02,VALIDADO,SI
REN-0030,MED-0110,CEFALEXINA,Cistitis no complicada / faringitis estreptocócica,Adulto,PO,CrCl_CG_mL_min,30–50,30,50,SI,SI,250 mg PO BID,REGIMEN,"Para “mayoría de indicaciones” y “cistitis/faringitis”, la tabla UCSF recuperada no especifica <15 mL/min; la app no extrapola.","UCSF IDMP – Adult Antimicrobial Dosing, Non-dialysis",https://idmp.ucsf.edu/adult-antimicrobial-dosing-non-dialysis,2026-09-02,VALIDADO,SI
REN-0031,MED-0110,CEFALEXINA,Cistitis no complicada / faringitis estreptocócica,Adulto,PO,CrCl_CG_mL_min,15–<30,15,30,SI,NO,250 mg PO q24h,REGIMEN,"Para “mayoría de indicaciones” y “cistitis/faringitis”, la tabla UCSF recuperada no especifica <15 mL/min; la app no extrapola.","UCSF IDMP – Adult Antimicrobial Dosing, Non-dialysis",https://idmp.ucsf.edu/adult-antimicrobial-dosing-non-dialysis,2026-09-02,VALIDADO,SI
REN-0032,MED-0110,CEFALEXINA,Bacteriemia gramnegativa,Adulto,PO,CrCl_CG_mL_min,>50,50,,NO,NO,1000 mg PO QID,REGIMEN,"Para “mayoría de indicaciones” y “cistitis/faringitis”, la tabla UCSF recuperada no especifica <15 mL/min; la app no extrapola.","UCSF IDMP – Adult Antimicrobial Dosing, Non-dialysis",https://idmp.ucsf.edu/adult-antimicrobial-dosing-non-dialysis,2026-09-02,VALIDADO,SI
REN-0033,MED-0110,CEFALEXINA,Bacteriemia gramnegativa,Adulto,PO,CrCl_CG_mL_min,30–50,30,50,SI,SI,1000 mg PO TID,REGIMEN,"Para “mayoría de indicaciones” y “cistitis/faringitis”, la tabla UCSF recuperada no especifica <15 mL/min; la app no extrapola.","UCSF IDMP – Adult Antimicrobial Dosing, Non-dialysis",https://idmp.ucsf.edu/adult-antimicrobial-dosing-non-dialysis,2026-09-02,VALIDADO,SI
REN-0034,MED-0110,CEFALEXINA,Bacteriemia gramnegativa,Adulto,PO,CrCl_CG_mL_min,15–<30,15,30,SI,NO,1000 mg PO BID,REGIMEN,"Para “mayoría de indicaciones” y “cistitis/faringitis”, la tabla UCSF recuperada no especifica <15 mL/min; la app no extrapola.","UCSF IDMP – Adult Antimicrobial Dosing, Non-dialysis",https://idmp.ucsf.edu/adult-antimicrobial-dosing-non-dialysis,2026-09-02,VALIDADO,SI
REN-0035,MED-0110,CEFALEXINA,Bacteriemia gramnegativa,Adulto,PO,CrCl_CG_mL_min,<15,,15,SI,NO,500 mg PO TID,REGIMEN,"Para “mayoría de indicaciones” y “cistitis/faringitis”, la tabla UCSF recuperada no especifica <15 mL/min; la app no extrapola.","UCSF IDMP – Adult Antimicrobial Dosing, Non-dialysis",https://idmp.ucsf.edu/adult-antimicrobial-dosing-non-dialysis,2026-09-02,VALIDADO,SI
REN-0036,MED-0112,CEFPODOXIME,Profilaxis en neutropenia febril seleccionada,Adulto,PO,CrCl_CG_mL_min,≥30,30,,SI,NO,200 mg PO q12h,REGIMEN,Indicación UCSF específica; no generalizar a todas las infecciones.,"UCSF IDMP – Adult Antimicrobial Dosing, Non-dialysis",https://idmp.ucsf.edu/adult-antimicrobial-dosing-non-dialysis,2026-09-02,VALIDADO,SI
REN-0037,MED-0112,CEFPODOXIME,Profilaxis en neutropenia febril seleccionada,Adulto,PO,CrCl_CG_mL_min,<30,,30,SI,NO,200 mg PO q24h,REGIMEN,Indicación UCSF específica; no generalizar a todas las infecciones.,"UCSF IDMP – Adult Antimicrobial Dosing, Non-dialysis",https://idmp.ucsf.edu/adult-antimicrobial-dosing-non-dialysis,2026-09-02,VALIDADO,SI
REN-0038,MED-0129,CIPROFLOXACINA,Dosis estándar,Adulto,IV/PO,CrCl_CG_mL_min,>50,50,,NO,NO,400 mg IV q12h o 500 mg PO BID,REGIMEN,,"UCSF IDMP – Adult Antimicrobial Dosing, Non-dialysis",https://idmp.ucsf.edu/adult-antimicrobial-dosing-non-dialysis,2026-09-02,VALIDADO,SI
REN-0039,MED-0129,CIPROFLOXACINA,Dosis estándar,Adulto,IV/PO,CrCl_CG_mL_min,30–50,30,50,SI,SI,400 mg IV q12h o 500 mg PO BID,REGIMEN,,"UCSF IDMP – Adult Antimicrobial Dosing, Non-dialysis",https://idmp.ucsf.edu/adult-antimicrobial-dosing-non-dialysis,2026-09-02,VALIDADO,SI
REN-0040,MED-0129,CIPROFLOXACINA,Dosis estándar,Adulto,IV/PO,CrCl_CG_mL_min,<30,,30,SI,NO,400 mg IV q24h o 500 mg PO q24h,REGIMEN,,"UCSF IDMP – Adult Antimicrobial Dosing, Non-dialysis",https://idmp.ucsf.edu/adult-antimicrobial-dosing-non-dialysis,2026-09-02,VALIDADO,SI
REN-0041,MED-0129,CIPROFLOXACINA,Pseudomonas / bacteriemia GN / infección de hardware seleccionada,Adulto,IV/PO,CrCl_CG_mL_min,>50,50,,NO,NO,400 mg IV q8h o 750 mg PO q12h,REGIMEN,,"UCSF IDMP – Adult Antimicrobial Dosing, Non-dialysis",https://idmp.ucsf.edu/adult-antimicrobial-dosing-non-dialysis,2026-09-02,VALIDADO,SI
REN-0042,MED-0129,CIPROFLOXACINA,Pseudomonas / bacteriemia GN / infección de hardware seleccionada,Adulto,IV/PO,CrCl_CG_mL_min,30–50,30,50,SI,SI,400 mg IV q12h o 500 mg PO q12h,REGIMEN,,"UCSF IDMP – Adult Antimicrobial Dosing, Non-dialysis",https://idmp.ucsf.edu/adult-antimicrobial-dosing-non-dialysis,2026-09-02,VALIDADO,SI
REN-0043,MED-0129,CIPROFLOXACINA,Pseudomonas / bacteriemia GN / infección de hardware seleccionada,Adulto,IV/PO,CrCl_CG_mL_min,<30,,30,SI,NO,400 mg IV q24h o 500 mg PO q24h,REGIMEN,,"UCSF IDMP – Adult Antimicrobial Dosing, Non-dialysis",https://idmp.ucsf.edu/adult-antimicrobial-dosing-non-dialysis,2026-09-02,VALIDADO,SI
REN-0044,MED-0138,CLINDAMICINA,Todas las indicaciones habituales,Adulto,IV/PO,CrCl_CG_mL_min,Cualquier función renal,,,SI,NO,No requiere ajuste renal,NO_AJUSTE,,"UCSF IDMP – Adult Antimicrobial Dosing, Non-dialysis",https://idmp.ucsf.edu/adult-antimicrobial-dosing-non-dialysis,2026-09-02,VALIDADO,SI
REN-0045,MED-0342,LEVOFLOXACINA,ITU,Adulto,IV/PO,CrCl_CG_mL_min,>50,50,,NO,NO,500 mg IV/PO q24h,REGIMEN,,"UCSF IDMP – Adult Antimicrobial Dosing, Non-dialysis",https://idmp.ucsf.edu/adult-antimicrobial-dosing-non-dialysis,2026-09-02,VALIDADO,SI
REN-0046,MED-0342,LEVOFLOXACINA,ITU,Adulto,IV/PO,CrCl_CG_mL_min,20–50,20,50,SI,SI,"500 mg x1, luego 250 mg IV/PO q24h",REGIMEN,,"UCSF IDMP – Adult Antimicrobial Dosing, Non-dialysis",https://idmp.ucsf.edu/adult-antimicrobial-dosing-non-dialysis,2026-09-02,VALIDADO,SI
REN-0047,MED-0342,LEVOFLOXACINA,ITU,Adulto,IV/PO,CrCl_CG_mL_min,<20,,20,SI,NO,"500 mg x1, luego 250 mg IV/PO q48h",REGIMEN,,"UCSF IDMP – Adult Antimicrobial Dosing, Non-dialysis",https://idmp.ucsf.edu/adult-antimicrobial-dosing-non-dialysis,2026-09-02,VALIDADO,SI
REN-0048,MED-0342,LEVOFLOXACINA,Otras indicaciones,Adulto,IV/PO,CrCl_CG_mL_min,>50,50,,NO,NO,750 mg IV/PO q24h,REGIMEN,,"UCSF IDMP – Adult Antimicrobial Dosing, Non-dialysis",https://idmp.ucsf.edu/adult-antimicrobial-dosing-non-dialysis,2026-09-02,VALIDADO,SI
REN-0049,MED-0342,LEVOFLOXACINA,Otras indicaciones,Adulto,IV/PO,CrCl_CG_mL_min,20–50,20,50,SI,SI,750 mg IV/PO q48h,REGIMEN,,"UCSF IDMP – Adult Antimicrobial Dosing, Non-dialysis",https://idmp.ucsf.edu/adult-antimicrobial-dosing-non-dialysis,2026-09-02,VALIDADO,SI
REN-0050,MED-0342,LEVOFLOXACINA,Otras indicaciones,Adulto,IV/PO,CrCl_CG_mL_min,<20,,20,SI,NO,"750 mg x1, luego 500 mg IV/PO q48h",REGIMEN,,"UCSF IDMP – Adult Antimicrobial Dosing, Non-dialysis",https://idmp.ucsf.edu/adult-antimicrobial-dosing-non-dialysis,2026-09-02,VALIDADO,SI
REN-0051,MED-0349,LINEZOLID,Todas las indicaciones,Adulto,IV/PO,CrCl_CG_mL_min,Cualquier función renal,,,SI,NO,600 mg IV/PO q12h; no requiere ajuste renal de rutina,NO_AJUSTE,"UCSF: en paciente estable con CrCl <30 y curso >10 días, algunos expertos consideran 300 mg BID tras 72 h para reducir trombocitopenia; requiere TDM/ID-farmacia.","UCSF IDMP – Adult Antimicrobial Dosing, Non-dialysis",https://idmp.ucsf.edu/adult-antimicrobial-dosing-non-dialysis,2026-09-02,VALIDADO,SI
REN-0052,MED-0597,VALACICLOVIR,HSV genital/orolabial – episodio inicial o tratamiento recurrente en VIH,Adulto,PO,CrCl_CG_mL_min,≥50,50,,SI,NO,1000 mg PO q12h,REGIMEN,Estas reglas son para adultos. DailyMed indica que no hay datos pediátricos para CrCl <50 mL/min/1.73m².,DailyMed – Valacyclovir prescribing information,https://dailymed.nlm.nih.gov/dailymed/drugInfo.cfm?setid=26634bf1-c6d8-4d48-9a4e-845c47df07f8,2026-09-02,VALIDADO,SI
REN-0053,MED-0597,VALACICLOVIR,HSV genital/orolabial – episodio inicial o tratamiento recurrente en VIH,Adulto,PO,CrCl_CG_mL_min,30–<50,30,50,SI,NO,1000 mg PO q12h,REGIMEN,Estas reglas son para adultos. DailyMed indica que no hay datos pediátricos para CrCl <50 mL/min/1.73m².,DailyMed – Valacyclovir prescribing information,https://dailymed.nlm.nih.gov/dailymed/drugInfo.cfm?setid=26634bf1-c6d8-4d48-9a4e-845c47df07f8,2026-09-02,VALIDADO,SI
REN-0054,MED-0597,VALACICLOVIR,HSV genital/orolabial – episodio inicial o tratamiento recurrente en VIH,Adulto,PO,CrCl_CG_mL_min,10–<30,10,30,SI,NO,1000 mg PO q24h,REGIMEN,Estas reglas son para adultos. DailyMed indica que no hay datos pediátricos para CrCl <50 mL/min/1.73m².,DailyMed – Valacyclovir prescribing information,https://dailymed.nlm.nih.gov/dailymed/drugInfo.cfm?setid=26634bf1-c6d8-4d48-9a4e-845c47df07f8,2026-09-02,VALIDADO,SI
REN-0055,MED-0597,VALACICLOVIR,HSV genital/orolabial – episodio inicial o tratamiento recurrente en VIH,Adulto,PO,CrCl_CG_mL_min,<10,,10,SI,NO,500 mg PO q24h,REGIMEN,Estas reglas son para adultos. DailyMed indica que no hay datos pediátricos para CrCl <50 mL/min/1.73m².,DailyMed – Valacyclovir prescribing information,https://dailymed.nlm.nih.gov/dailymed/drugInfo.cfm?setid=26634bf1-c6d8-4d48-9a4e-845c47df07f8,2026-09-02,VALIDADO,SI
REN-0056,MED-0597,VALACICLOVIR,Supresión HSV / episodio recurrente,Adulto,PO,CrCl_CG_mL_min,≥50,50,,SI,NO,500 mg PO q12h,REGIMEN,Estas reglas son para adultos. DailyMed indica que no hay datos pediátricos para CrCl <50 mL/min/1.73m².,DailyMed – Valacyclovir prescribing information,https://dailymed.nlm.nih.gov/dailymed/drugInfo.cfm?setid=26634bf1-c6d8-4d48-9a4e-845c47df07f8,2026-09-02,VALIDADO,SI
REN-0057,MED-0597,VALACICLOVIR,Supresión HSV / episodio recurrente,Adulto,PO,CrCl_CG_mL_min,30–<50,30,50,SI,NO,500 mg PO q12h,REGIMEN,Estas reglas son para adultos. DailyMed indica que no hay datos pediátricos para CrCl <50 mL/min/1.73m².,DailyMed – Valacyclovir prescribing information,https://dailymed.nlm.nih.gov/dailymed/drugInfo.cfm?setid=26634bf1-c6d8-4d48-9a4e-845c47df07f8,2026-09-02,VALIDADO,SI
REN-0058,MED-0597,VALACICLOVIR,Supresión HSV / episodio recurrente,Adulto,PO,CrCl_CG_mL_min,10–<30,10,30,SI,NO,500 mg PO q24h,REGIMEN,Estas reglas son para adultos. DailyMed indica que no hay datos pediátricos para CrCl <50 mL/min/1.73m².,DailyMed – Valacyclovir prescribing information,https://dailymed.nlm.nih.gov/dailymed/drugInfo.cfm?setid=26634bf1-c6d8-4d48-9a4e-845c47df07f8,2026-09-02,VALIDADO,SI
REN-0059,MED-0597,VALACICLOVIR,Supresión HSV / episodio recurrente,Adulto,PO,CrCl_CG_mL_min,<10,,10,SI,NO,500 mg PO q24h,REGIMEN,Estas reglas son para adultos. DailyMed indica que no hay datos pediátricos para CrCl <50 mL/min/1.73m².,DailyMed – Valacyclovir prescribing information,https://dailymed.nlm.nih.gov/dailymed/drugInfo.cfm?setid=26634bf1-c6d8-4d48-9a4e-845c47df07f8,2026-09-02,VALIDADO,SI
REN-0060,MED-0597,VALACICLOVIR,Varicela primaria / herpes zóster,Adulto,PO,CrCl_CG_mL_min,≥50,50,,SI,NO,1000 mg PO q8h,REGIMEN,Estas reglas son para adultos. DailyMed indica que no hay datos pediátricos para CrCl <50 mL/min/1.73m².,DailyMed – Valacyclovir prescribing information,https://dailymed.nlm.nih.gov/dailymed/drugInfo.cfm?setid=26634bf1-c6d8-4d48-9a4e-845c47df07f8,2026-09-02,VALIDADO,SI
REN-0061,MED-0597,VALACICLOVIR,Varicela primaria / herpes zóster,Adulto,PO,CrCl_CG_mL_min,30–<50,30,50,SI,NO,1000 mg PO q12h,REGIMEN,Estas reglas son para adultos. DailyMed indica que no hay datos pediátricos para CrCl <50 mL/min/1.73m².,DailyMed – Valacyclovir prescribing information,https://dailymed.nlm.nih.gov/dailymed/drugInfo.cfm?setid=26634bf1-c6d8-4d48-9a4e-845c47df07f8,2026-09-02,VALIDADO,SI
REN-0062,MED-0597,VALACICLOVIR,Varicela primaria / herpes zóster,Adulto,PO,CrCl_CG_mL_min,10–<30,10,30,SI,NO,1000 mg PO q24h,REGIMEN,Estas reglas son para adultos. DailyMed indica que no hay datos pediátricos para CrCl <50 mL/min/1.73m².,DailyMed – Valacyclovir prescribing information,https://dailymed.nlm.nih.gov/dailymed/drugInfo.cfm?setid=26634bf1-c6d8-4d48-9a4e-845c47df07f8,2026-09-02,VALIDADO,SI
REN-0063,MED-0597,VALACICLOVIR,Varicela primaria / herpes zóster,Adulto,PO,CrCl_CG_mL_min,<10,,10,SI,NO,500 mg PO q24h,REGIMEN,Estas reglas son para adultos. DailyMed indica que no hay datos pediátricos para CrCl <50 mL/min/1.73m².,DailyMed – Valacyclovir prescribing information,https://dailymed.nlm.nih.gov/dailymed/drugInfo.cfm?setid=26634bf1-c6d8-4d48-9a4e-845c47df07f8,2026-09-02,VALIDADO,SI
REN-0064,MED-0612,VORICONAZOL,Todas las indicaciones,Adulto,PO/IV,CrCl_CG_mL_min,≥50,50,,SI,NO,No requiere ajuste renal de dosis; vía IV permitida según función renal,NO_AJUSTE,,"UCSF IDMP – Adult Antimicrobial Dosing, Non-dialysis",https://idmp.ucsf.edu/adult-antimicrobial-dosing-non-dialysis,2026-09-02,VALIDADO,SI
REN-0065,MED-0612,VORICONAZOL,Todas las indicaciones,Adulto,PO preferida,CrCl_CG_mL_min,<50,,50,SI,NO,No requiere ajuste renal de dosis; evitar formulación IV,FORMULACION,,"UCSF IDMP – Adult Antimicrobial Dosing, Non-dialysis",https://idmp.ucsf.edu/adult-antimicrobial-dosing-non-dialysis,2026-09-02,VALIDADO,SI
REN-0066,MED-0136,CLARITROMICINA,Cualquier indicación,Adulto,PO,CrCl_CG_mL_min,≥30,30,,SI,NO,Dosis habitual (si no usa atazanavir/ritonavir),REGIMEN,,DailyMed – Clarithromycin prescribing information,https://dailymed.nlm.nih.gov/dailymed/drugInfo.cfm?setid=fa69ea92-0b41-43fb-918f-ed80e0dedf04,2026-09-02,VALIDADO,SI
REN-0067,MED-0136,CLARITROMICINA,Cualquier indicación,Adulto,PO,CrCl_CG_mL_min,<30,,30,SI,NO,Reducir dosis total de claritromicina 50%,PORCENTAJE,Con atazanavir o regímenes con ritonavir existen reducciones adicionales según ficha técnica.,DailyMed – Clarithromycin prescribing information,https://dailymed.nlm.nih.gov/dailymed/drugInfo.cfm?setid=fa69ea92-0b41-43fb-918f-ed80e0dedf04,2026-09-02,VALIDADO,SI
REN-0068,MED-0440,OSELTAMIVIR,Tratamiento influenza,Adulto,PO,CrCl_CG_mL_min,>60,60,,NO,NO,75 mg PO BID x5 días,REGIMEN,,DailyMed – Oseltamivir phosphate prescribing information,https://dailymed.nlm.nih.gov/dailymed/drugInfo.cfm?setid=31c90a2e-9d14-4236-8dc2-b2a862e8cbac,2026-09-02,VALIDADO,SI
REN-0069,MED-0440,OSELTAMIVIR,Tratamiento influenza,Adulto,PO,CrCl_CG_mL_min,>30–60,30,60,NO,SI,30 mg PO BID x5 días,REGIMEN,,DailyMed – Oseltamivir phosphate prescribing information,https://dailymed.nlm.nih.gov/dailymed/drugInfo.cfm?setid=31c90a2e-9d14-4236-8dc2-b2a862e8cbac,2026-09-02,VALIDADO,SI
REN-0070,MED-0440,OSELTAMIVIR,Tratamiento influenza,Adulto,PO,CrCl_CG_mL_min,>10–30,10,30,NO,SI,30 mg PO q24h x5 días,REGIMEN,,DailyMed – Oseltamivir phosphate prescribing information,https://dailymed.nlm.nih.gov/dailymed/drugInfo.cfm?setid=31c90a2e-9d14-4236-8dc2-b2a862e8cbac,2026-09-02,VALIDADO,SI
REN-0071,MED-0440,OSELTAMIVIR,Profilaxis influenza,Adulto,PO,CrCl_CG_mL_min,>60,60,,NO,NO,75 mg PO q24h,REGIMEN,,DailyMed – Oseltamivir phosphate prescribing information,https://dailymed.nlm.nih.gov/dailymed/drugInfo.cfm?setid=31c90a2e-9d14-4236-8dc2-b2a862e8cbac,2026-09-02,VALIDADO,SI
REN-0072,MED-0440,OSELTAMIVIR,Profilaxis influenza,Adulto,PO,CrCl_CG_mL_min,>30–60,30,60,NO,SI,30 mg PO q24h,REGIMEN,,DailyMed – Oseltamivir phosphate prescribing information,https://dailymed.nlm.nih.gov/dailymed/drugInfo.cfm?setid=31c90a2e-9d14-4236-8dc2-b2a862e8cbac,2026-09-02,VALIDADO,SI
REN-0073,MED-0440,OSELTAMIVIR,Profilaxis influenza,Adulto,PO,CrCl_CG_mL_min,>10–30,10,30,NO,SI,30 mg PO cada 48 h,REGIMEN,,DailyMed – Oseltamivir phosphate prescribing information,https://dailymed.nlm.nih.gov/dailymed/drugInfo.cfm?setid=31c90a2e-9d14-4236-8dc2-b2a862e8cbac,2026-09-02,VALIDADO,SI
REN-0074,MED-0440,OSELTAMIVIR,Tratamiento influenza – hemodiálisis,Adulto,PO,CrCl_CG_mL_min,≤10 / HD,,10,SI,SI,30 mg inmediatamente y luego 30 mg después de cada sesión de hemodiálisis; tratamiento total ≤5 días,DIALISIS,,DailyMed – Oseltamivir phosphate prescribing information,https://dailymed.nlm.nih.gov/dailymed/drugInfo.cfm?setid=31c90a2e-9d14-4236-8dc2-b2a862e8cbac,2026-09-02,VALIDADO,NO
REN-0075,MED-0440,OSELTAMIVIR,Profilaxis influenza – hemodiálisis,Adulto,PO,CrCl_CG_mL_min,≤10 / HD,,10,SI,SI,30 mg inmediatamente y luego 30 mg después de sesiones alternas de hemodiálisis,DIALISIS,,DailyMed – Oseltamivir phosphate prescribing information,https://dailymed.nlm.nih.gov/dailymed/drugInfo.cfm?setid=31c90a2e-9d14-4236-8dc2-b2a862e8cbac,2026-09-02,VALIDADO,NO
REN-0076,MED-0251,FAMOTIDINA,Úlcera duodenal o gástrica activa,Adulto,PO,CrCl_CG_mL_min,30–60,30,60,SI,SI,20 mg PO q24h o 40 mg cada 48 h,REGIMEN,Tabla aplicable a adultos y pacientes pediátricos ≥40 kg según la ficha citada.,DailyMed – Famotidine prescribing information,https://dailymed.nlm.nih.gov/dailymed/drugInfo.cfm?setid=bfc9e530-3433-4fed-a542-0e64123cddfb,2026-09-02,VALIDADO,SI
REN-0077,MED-0251,FAMOTIDINA,Úlcera duodenal o gástrica activa,Adulto,PO,CrCl_CG_mL_min,<30,,30,SI,NO,20 mg PO cada 48 h,REGIMEN,Tabla aplicable a adultos y pacientes pediátricos ≥40 kg según la ficha citada.,DailyMed – Famotidine prescribing information,https://dailymed.nlm.nih.gov/dailymed/drugInfo.cfm?setid=bfc9e530-3433-4fed-a542-0e64123cddfb,2026-09-02,VALIDADO,SI
REN-0078,MED-0251,FAMOTIDINA,ERGE sintomático no erosivo,Adulto,PO,CrCl_CG_mL_min,30–60,30,60,SI,SI,20 mg PO q24h,REGIMEN,Tabla aplicable a adultos y pacientes pediátricos ≥40 kg según la ficha citada.,DailyMed – Famotidine prescribing information,https://dailymed.nlm.nih.gov/dailymed/drugInfo.cfm?setid=bfc9e530-3433-4fed-a542-0e64123cddfb,2026-09-02,VALIDADO,SI
REN-0079,MED-0251,FAMOTIDINA,ERGE sintomático no erosivo,Adulto,PO,CrCl_CG_mL_min,<30,,30,SI,NO,20 mg PO cada 48 h,REGIMEN,Tabla aplicable a adultos y pacientes pediátricos ≥40 kg según la ficha citada.,DailyMed – Famotidine prescribing information,https://dailymed.nlm.nih.gov/dailymed/drugInfo.cfm?setid=bfc9e530-3433-4fed-a542-0e64123cddfb,2026-09-02,VALIDADO,SI
REN-0080,MED-0528,SITAGLIPTINA,Diabetes tipo 2,Adulto,PO,eGFR_CKDEPI_mL_min_1_73m2,≥45,45,,SI,NO,100 mg PO q24h,REGIMEN,,DailyMed – Sitagliptin prescribing information,https://dailymed.nlm.nih.gov/dailymed/lookup.cfm?setid=cebc8388-c9db-4e27-8d6b-0d9bdc9d766d,2026-09-02,VALIDADO,SI
REN-0081,MED-0528,SITAGLIPTINA,Diabetes tipo 2,Adulto,PO,eGFR_CKDEPI_mL_min_1_73m2,30–<45,30,45,SI,NO,50 mg PO q24h,REGIMEN,,DailyMed – Sitagliptin prescribing information,https://dailymed.nlm.nih.gov/dailymed/lookup.cfm?setid=cebc8388-c9db-4e27-8d6b-0d9bdc9d766d,2026-09-02,VALIDADO,SI
REN-0082,MED-0528,SITAGLIPTINA,Diabetes tipo 2,Adulto,PO,eGFR_CKDEPI_mL_min_1_73m2,<30 o ESRD,,30,SI,NO,25 mg PO q24h; sin relación con horario de diálisis,REGIMEN,,DailyMed – Sitagliptin prescribing information,https://dailymed.nlm.nih.gov/dailymed/lookup.cfm?setid=cebc8388-c9db-4e27-8d6b-0d9bdc9d766d,2026-09-02,VALIDADO,SI
REN-0083,MED-0377,METFORMINA,Diabetes tipo 2,Adulto,PO,eGFR_CKDEPI_mL_min_1_73m2,≥45,45,,SI,NO,Puede usarse según dosis habitual; monitorizar función renal,USO,,DailyMed – Metformin hydrochloride prescribing information,https://www.dailymed.nlm.nih.gov/dailymed/drugInfo.cfm?setid=498ac5fc-14be-d36a-e063-6394a90a3012,2026-09-02,VALIDADO,SI
REN-0084,MED-0377,METFORMINA,Diabetes tipo 2,Adulto,PO,eGFR_CKDEPI_mL_min_1_73m2,30–<45,30,45,SI,NO,"No se recomienda iniciar. Si ya la recibe y eGFR cae <45, reevaluar beneficio/riesgo.",PRECAUCION,,DailyMed – Metformin hydrochloride prescribing information,https://www.dailymed.nlm.nih.gov/dailymed/drugInfo.cfm?setid=498ac5fc-14be-d36a-e063-6394a90a3012,2026-09-02,VALIDADO,SI
REN-0085,MED-0377,METFORMINA,Diabetes tipo 2,Adulto,PO,eGFR_CKDEPI_mL_min_1_73m2,<30,,30,SI,NO,CONTRAINDICADA,CONTRAINDICACION,,DailyMed – Metformin hydrochloride prescribing information,https://www.dailymed.nlm.nih.gov/dailymed/drugInfo.cfm?setid=498ac5fc-14be-d36a-e063-6394a90a3012,2026-09-02,VALIDADO,SI
REN-0086,MED-0276,GABAPENTIN,Adulto ≥12 años / régimen de ficha técnica,Adulto,PO,CrCl_CG_mL_min,≥60,60,,SI,NO,900–3600 mg/día; p. ej. 300–1200 mg TID,REGIMEN,Para CrCl <15 reducir proporcionalmente respecto a la dosis para CrCl 15; hemodiálisis requiere dosis suplementaria posdiálisis.,DailyMed – Gabapentin prescribing information,https://dailymed.nlm.nih.gov/dailymed/lookup.cfm?setid=d576364c-9aa6-4356-a31b-321b0292a8fe,2026-09-02,VALIDADO,SI
REN-0087,MED-0276,GABAPENTIN,Adulto ≥12 años / régimen de ficha técnica,Adulto,PO,CrCl_CG_mL_min,>30–59,30,60,NO,NO,400–1400 mg/día; 200–700 mg BID,REGIMEN,Para CrCl <15 reducir proporcionalmente respecto a la dosis para CrCl 15; hemodiálisis requiere dosis suplementaria posdiálisis.,DailyMed – Gabapentin prescribing information,https://dailymed.nlm.nih.gov/dailymed/lookup.cfm?setid=d576364c-9aa6-4356-a31b-321b0292a8fe,2026-09-02,VALIDADO,SI
REN-0088,MED-0276,GABAPENTIN,Adulto ≥12 años / régimen de ficha técnica,Adulto,PO,CrCl_CG_mL_min,>15–30,15,30,NO,SI,200–700 mg/día; 200–700 mg q24h,REGIMEN,Para CrCl <15 reducir proporcionalmente respecto a la dosis para CrCl 15; hemodiálisis requiere dosis suplementaria posdiálisis.,DailyMed – Gabapentin prescribing information,https://dailymed.nlm.nih.gov/dailymed/lookup.cfm?setid=d576364c-9aa6-4356-a31b-321b0292a8fe,2026-09-02,VALIDADO,SI
REN-0089,MED-0276,GABAPENTIN,Adulto ≥12 años / régimen de ficha técnica,Adulto,PO,CrCl_CG_mL_min,≈15,14.5,15.5,SI,SI,100–300 mg/día q24h,REGIMEN,Para CrCl <15 reducir proporcionalmente respecto a la dosis para CrCl 15; hemodiálisis requiere dosis suplementaria posdiálisis.,DailyMed – Gabapentin prescribing information,https://dailymed.nlm.nih.gov/dailymed/lookup.cfm?setid=d576364c-9aa6-4356-a31b-321b0292a8fe,2026-09-02,VALIDADO,SI
REN-0090,MED-0276,GABAPENTIN,Adulto ≥12 años / régimen de ficha técnica,Adulto,PO,CrCl_CG_mL_min,<15,,15,SI,NO,Reducir la dosis diaria proporcionalmente al CrCl respecto al régimen de CrCl 15 mL/min,PROPORCIONAL,,DailyMed – Gabapentin prescribing information,https://dailymed.nlm.nih.gov/dailymed/lookup.cfm?setid=d576364c-9aa6-4356-a31b-321b0292a8fe,2026-09-02,VALIDADO,NO
REN-0091,MED-0339,LEVETIRACETAM,Adulto – mantenimiento,Adulto,PO/IV,CrCl_normalizado_mL_min_1_73m2,>80,80,,NO,NO,500–1500 mg PO q12h,REGIMEN,La ficha calcula primero Cockcroft–Gault y luego normaliza a superficie corporal de 1.73 m².,DailyMed – Levetiracetam prescribing information (2026 label),https://dailymed.nlm.nih.gov/dailymed/drugInfo.cfm?setid=a05bbfa4-c34f-4134-8207-db79e4c70445,2026-09-02,VALIDADO,SI
REN-0092,MED-0339,LEVETIRACETAM,Adulto – mantenimiento,Adulto,PO/IV,CrCl_normalizado_mL_min_1_73m2,50–80,50,80,SI,SI,500–1000 mg PO q12h,REGIMEN,La ficha calcula primero Cockcroft–Gault y luego normaliza a superficie corporal de 1.73 m².,DailyMed – Levetiracetam prescribing information (2026 label),https://dailymed.nlm.nih.gov/dailymed/drugInfo.cfm?setid=a05bbfa4-c34f-4134-8207-db79e4c70445,2026-09-02,VALIDADO,SI
REN-0093,MED-0339,LEVETIRACETAM,Adulto – mantenimiento,Adulto,PO/IV,CrCl_normalizado_mL_min_1_73m2,30–<50,30,50,SI,NO,250–750 mg PO q12h,REGIMEN,La ficha calcula primero Cockcroft–Gault y luego normaliza a superficie corporal de 1.73 m².,DailyMed – Levetiracetam prescribing information (2026 label),https://dailymed.nlm.nih.gov/dailymed/drugInfo.cfm?setid=a05bbfa4-c34f-4134-8207-db79e4c70445,2026-09-02,VALIDADO,SI
REN-0094,MED-0339,LEVETIRACETAM,Adulto – mantenimiento,Adulto,PO/IV,CrCl_normalizado_mL_min_1_73m2,<30,,30,SI,NO,250–500 mg PO q12h,REGIMEN,La ficha calcula primero Cockcroft–Gault y luego normaliza a superficie corporal de 1.73 m².,DailyMed – Levetiracetam prescribing information (2026 label),https://dailymed.nlm.nih.gov/dailymed/drugInfo.cfm?setid=a05bbfa4-c34f-4134-8207-db79e4c70445,2026-09-02,VALIDADO,SI
REN-0095,MED-0339,LEVETIRACETAM,ESRD en diálisis,Adulto,PO/IV,CrCl_normalizado_mL_min_1_73m2,Diálisis,,,SI,NO,500–1000 mg q24h + 250–500 mg suplementarios después de diálisis,DIALISIS,,DailyMed – Levetiracetam prescribing information (2026 label),https://dailymed.nlm.nih.gov/dailymed/drugInfo.cfm?setid=a05bbfa4-c34f-4134-8207-db79e4c70445,2026-09-02,VALIDADO,NO
REN-0096,MED-0580,TOPIRAMATO,Adulto,Adulto,PO,CrCl_normalizado_mL_min_1_73m2,≥70,70,,SI,NO,Dosis adulta habitual,REGIMEN,,DailyMed – Topiramate prescribing information,https://dailymed.nlm.nih.gov/dailymed/drugInfo.cfm?setid=2917ba32-3355-4d64-966a-8518e6fafdbe,2026-09-02,VALIDADO,SI
REN-0097,MED-0580,TOPIRAMATO,Adulto,Adulto,PO,CrCl_normalizado_mL_min_1_73m2,<70,,70,SI,NO,Usar 50% de la dosis adulta habitual,PORCENTAJE,Puede tardar más en alcanzar estado estacionario. Hemodiálisis puede requerir dosis suplementaria individualizada.,DailyMed – Topiramate prescribing information,https://dailymed.nlm.nih.gov/dailymed/drugInfo.cfm?setid=2917ba32-3355-4d64-966a-8518e6fafdbe,2026-09-02,VALIDADO,SI
REN-0098,MED-0385,METOCLOPRAMIDA,ERGE sintomático documentado,Adulto,PO,CrCl_CG_mL_min,>60,60,,NO,NO,10–15 mg PO QID; máximo 60 mg/día,REGIMEN,,DailyMed – Metoclopramide prescribing information (2026 label),https://dailymed.nlm.nih.gov/dailymed/drugInfo.cfm?setid=797aad80-0597-42f8-99d5-39de180c3b5a,2026-09-02,VALIDADO,SI
REN-0099,MED-0385,METOCLOPRAMIDA,ERGE sintomático documentado,Adulto,PO,CrCl_CG_mL_min,≤60 / ESRD,,60,SI,SI,5 mg PO QID o 10 mg PO BID; máximo 20 mg/día,REGIMEN,,DailyMed – Metoclopramide prescribing information (2026 label),https://dailymed.nlm.nih.gov/dailymed/drugInfo.cfm?setid=797aad80-0597-42f8-99d5-39de180c3b5a,2026-09-02,VALIDADO,SI
REN-0100,MED-0385,METOCLOPRAMIDA,Gastroparesia diabética,Adulto,PO,CrCl_CG_mL_min,≥60,60,,SI,NO,10 mg PO QID; máximo 40 mg/día,REGIMEN,,DailyMed – Metoclopramide prescribing information (2026 label),https://dailymed.nlm.nih.gov/dailymed/drugInfo.cfm?setid=797aad80-0597-42f8-99d5-39de180c3b5a,2026-09-02,VALIDADO,SI
REN-0101,MED-0385,METOCLOPRAMIDA,Gastroparesia diabética,Adulto,PO,CrCl_CG_mL_min,<60 / ESRD,,60,SI,NO,5 mg PO BID; máximo 10 mg/día,REGIMEN,,DailyMed – Metoclopramide prescribing information (2026 label),https://dailymed.nlm.nih.gov/dailymed/drugInfo.cfm?setid=797aad80-0597-42f8-99d5-39de180c3b5a,2026-09-02,VALIDADO,SI
REN-0102,MED-0467,PIRAZINAMIDA,Tuberculosis,Adulto,PO,CrCl_CG_mL_min,>30,30,,NO,NO,20 mg/kg PO q24h,REGIMEN,"Para >80 kg, UCSF recomienda consultar farmacia/clinica TB.","UCSF IDMP – Adult Antimicrobial Dosing, Non-dialysis",https://idmp.ucsf.edu/adult-antimicrobial-dosing-non-dialysis,2026-09-02,VALIDADO,SI
REN-0103,MED-0467,PIRAZINAMIDA,Tuberculosis,Adulto,PO,CrCl_CG_mL_min,<30,,30,SI,NO,20 mg/kg PO tres veces por semana,REGIMEN,Alinear con programa TB local.,"UCSF IDMP – Adult Antimicrobial Dosing, Non-dialysis",https://idmp.ucsf.edu/adult-antimicrobial-dosing-non-dialysis,2026-09-02,VALIDADO,SI
REN-0104,MED-0599,VALGANCICLOVIR,Tratamiento CMV,Adulto,PO,CrCl_CG_mL_min,>60,60,,NO,NO,900 mg PO q12h,REGIMEN,Regla de UCSF para adultos no dializados.,"UCSF IDMP – Adult Antimicrobial Dosing, Non-dialysis",https://idmp.ucsf.edu/adult-antimicrobial-dosing-non-dialysis,2026-09-02,VALIDADO,SI
REN-0105,MED-0599,VALGANCICLOVIR,Tratamiento CMV,Adulto,PO,CrCl_CG_mL_min,40–60,40,60,SI,SI,450 mg PO q12h,REGIMEN,Regla de UCSF para adultos no dializados.,"UCSF IDMP – Adult Antimicrobial Dosing, Non-dialysis",https://idmp.ucsf.edu/adult-antimicrobial-dosing-non-dialysis,2026-09-02,VALIDADO,SI
REN-0106,MED-0599,VALGANCICLOVIR,Tratamiento CMV,Adulto,PO,CrCl_CG_mL_min,25–<40,25,40,SI,NO,450 mg PO q24h,REGIMEN,Regla de UCSF para adultos no dializados.,"UCSF IDMP – Adult Antimicrobial Dosing, Non-dialysis",https://idmp.ucsf.edu/adult-antimicrobial-dosing-non-dialysis,2026-09-02,VALIDADO,SI
REN-0107,MED-0599,VALGANCICLOVIR,Tratamiento CMV,Adulto,PO,CrCl_CG_mL_min,10–<25,10,25,SI,NO,450 mg PO cada 48 h,REGIMEN,Regla de UCSF para adultos no dializados.,"UCSF IDMP – Adult Antimicrobial Dosing, Non-dialysis",https://idmp.ucsf.edu/adult-antimicrobial-dosing-non-dialysis,2026-09-02,VALIDADO,SI
REN-0108,MED-0599,VALGANCICLOVIR,Profilaxis CMV,Adulto,PO,CrCl_CG_mL_min,>60,60,,NO,NO,900 mg PO q24h,REGIMEN,Regla de UCSF para adultos no dializados.,"UCSF IDMP – Adult Antimicrobial Dosing, Non-dialysis",https://idmp.ucsf.edu/adult-antimicrobial-dosing-non-dialysis,2026-09-02,VALIDADO,SI
REN-0109,MED-0599,VALGANCICLOVIR,Profilaxis CMV,Adulto,PO,CrCl_CG_mL_min,40–60,40,60,SI,SI,450 mg PO q24h,REGIMEN,Regla de UCSF para adultos no dializados.,"UCSF IDMP – Adult Antimicrobial Dosing, Non-dialysis",https://idmp.ucsf.edu/adult-antimicrobial-dosing-non-dialysis,2026-09-02,VALIDADO,SI
REN-0110,MED-0599,VALGANCICLOVIR,Profilaxis CMV,Adulto,PO,CrCl_CG_mL_min,25–<40,25,40,SI,NO,450 mg PO cada 48 h,REGIMEN,Regla de UCSF para adultos no dializados.,"UCSF IDMP – Adult Antimicrobial Dosing, Non-dialysis",https://idmp.ucsf.edu/adult-antimicrobial-dosing-non-dialysis,2026-09-02,VALIDADO,SI
REN-0111,MED-0599,VALGANCICLOVIR,Profilaxis CMV,Adulto,PO,CrCl_CG_mL_min,10–<25,10,25,SI,NO,450 mg PO 2 veces/semana,REGIMEN,Regla de UCSF para adultos no dializados.,"UCSF IDMP – Adult Antimicrobial Dosing, Non-dialysis",https://idmp.ucsf.edu/adult-antimicrobial-dosing-non-dialysis,2026-09-02,VALIDADO,SI
REN-0112,MED-0251,FAMOTIDINA,Úlcera duodenal o gástrica activa,Adulto,PO,CrCl_CG_mL_min,≥60,60,,SI,NO,DU: 40 mg PO q24h o 20 mg BID; úlcera gástrica: 40 mg PO q24h,REGIMEN,Aplicable a adultos y pacientes pediátricos ≥40 kg según la ficha citada.,DailyMed – Famotidine prescribing information,https://dailymed.nlm.nih.gov/dailymed/drugInfo.cfm?setid=bfc9e530-3433-4fed-a542-0e64123cddfb,2026-09-02,VALIDADO,SI
REN-0113,MED-0251,FAMOTIDINA,ERGE sintomático no erosivo,Adulto,PO,CrCl_CG_mL_min,≥60,60,,SI,NO,20 mg PO BID,REGIMEN,Aplicable a adultos y pacientes pediátricos ≥40 kg según la ficha citada.,DailyMed – Famotidine prescribing information,https://dailymed.nlm.nih.gov/dailymed/drugInfo.cfm?setid=bfc9e530-3433-4fed-a542-0e64123cddfb,2026-09-02,VALIDADO,SI
