toxico_sindrome,antidoto_base,dosis_base,observaciones_base,estado_validacion
ACETAMINOFÉN/PARACETAMOL,N-acetilcisteína,"*Fluimucil® O FLUIDASA: Sobres x 100, 200, 600mg; Jarabe 20 mg/ml, Amp. 3 ml ...",*Debe administrarse con antiemético. *IV rápido causa reacción anafiláctica e...,PENDIENTE_VALIDACION
ANTICOAGULANTE (WARFARINA O CUMARINICOS),Vitamina K1,*FITOMENADIONA-Konakion®: Amp. 2 mg/0.2 ml o 10 mg/1 ml. *Intoxicación por ro...,*Reacciones anafilácticas con el uso IV y sólo debe usarse en casos muy sever...,PENDIENTE_VALIDACION
BENZODIACEPINAS,FLUMAZENIL,"*Lanexat:® amp. 0.1mg/ml; 5ml y 10 ml. Dosis: 0.2 mg IV en 30 segundos, si no...",*No administrar en sobredosis de antidepresivos tricíclicos puede precipitar ...,PENDIENTE_VALIDACION
β-BLOQUEADORES,GLUCAGON,"*Glucagón amp. 1mg/ml Dosis: Adultos: 3-10 mg IV en bolo, seguido de 1-5mg/ho...",*Para manejo de bradicardia e hipotensión asociada a -bloqueador. Diluir 4 mg...,PENDIENTE_VALIDACION
CIANURO,1. Producción de metahemoglobinemia *Nitrito de amilo *Nitrito de sodio 2. Pr...,NITRITO DE AMILO: *Dosis: 2-3 perlas inhaladas por 30 segundos cada 5 minutos...,"*El tratamiento con nitritos induce metahemoglobinemia e hipotensión, por lo ...",PENDIENTE_VALIDACION
ETANOL,TIAMINA (VIT B1),"* Amp 30 mg/ml, 1, 2 y 10 ml. Dosis: Adultos: 100 mg lentos IV diluidos o IM ...",,PENDIENTE_VALIDACION
"FENOTIAZINAS (Clorpromazina; Promazina, Triflupromazina, Metotrimeprazina, M...",DIFENHIDRAMINA,*Benadryl®: Elixir 12.5/5ml. Tab-caps. x 25-50mg Dosis: adultos: 25-50mg cada...,*Indicado ante signos extrapiramidales,PENDIENTE_VALIDACION
"GLUCÓSIDOS CARDIACOS DIGITAL (DIGITOXINA, DIGOXINA, LANATOSIDO C)",Anticuerpos antidigital,Digibind®: vial x 38 mg fija 0.5 mg de digoxina.,* Hipersensibilidad a productos ovinos. * Exacerbación de falla cardíaca pree...,PENDIENTE_VALIDACION
HEPARINA,PROTAMINA,*Protamina: ampollas y viales 50mg/ 5ml o de 250 mg/25 ml Dosis: Según tiempo...,"* Hipotensión, bradicardia y reacciones anafilactoides",PENDIENTE_VALIDACION
HIERRO,DEFEROXAMINA,*Desferal®: amp. 500 mg polvo liofilizado. Dosis: 10-15mg/kg/hora en infusión...,*El carbón activado no adsorbe el hierro. *La deferoxamina está indicada en: ...,PENDIENTE_VALIDACION
INHIBIDORES DE LA COLINESTERAS (ORGANOFOSFORADOS Y CARBAMATOS),1. Atropina 2. Difenhidramina 3. Bicarbonato de sodio 4. Oximas (Pralidoxima),"*Sulfato de Atropina®: amp. 1mg/ml. Dosis: 2-5 mg inicialmente, continuar 1mg...","* En niños la dosis mínima total a utilizar es de 0.3 mg IV, ya que dosis men...",PENDIENTE_VALIDACION
ISONIACIDA,PIRIDOXINA (VIT B6),"*Amp. 100mg/ml, 10 y 30 ml. Dosis: 1g IV por cada gramo de isoniacida ingerid...",*Para el manejo de las convulsiones asociadas a la intoxicación por isoniacida.,PENDIENTE_VALIDACION
"METALES PESADOS MERCURIO, ARSÉNICO, COBRE, ORO, ANTIMONIO, BISMUTO, CROMO, NI...",DIMERCAPROL,"*Amp 100 mg/ml Dosis: 3 mg/kg cada 4 horas x 2 días IM, luego cada 12 horas p...",*Está contraindicado en la deficiencia de glucosa 6 fosfato deshidrogenasa po...,PENDIENTE_VALIDACION
"METAHEMOGLOBINA CLOROQUINA, DAPSONA, PRIMAQUINA, SULFAS, NITRITOS Y NITRATOS",1. Azul de metileno 2. VITAMINA C,"*AZUL DE METILENO: Amp. 10mg/ml, 5ml (al 1%). Dosis: 1-2mg/kg (0.1-0.2 ml/kg ...",No administrar IM o en infusión continua,PENDIENTE_VALIDACION
METANOL,1. Etanol absoluto 96% 2. Ácido fólico 3. Bicarbonato de sodio 4. Tiamina (V...,1. *Amp etanol absoluto al 96% Dosis: bolo 1cc/kg diluido al 10% en SSN o DAD...,*Niveles ideales de etanol alrededor de 100mg/dL *La dosis se debe aumentar 1...,PENDIENTE_VALIDACION
OPIÁCEOS Y OPIOIDES,Naloxona,*Narcan R : amp. 0.4mg/ml y amp pediátrica de 0.04 mg/2 ml Dosis: 0.4-2mg cad...,*Puede desencadenar síndrome de abstinencia en pacientes con adicción. *En pa...,PENDIENTE_VALIDACION
PARAQUAT Y DIQUAT,Tierra fuller o Tierra de jardín,*Tierra Fuller : Frasco 60 g Dosis: Adulto: Mezcle 150 g en 1 Litro de agua (...,"*No administrar oxígeno inicialmente *Son tierras absorbentes, no antídoto de...",PENDIENTE_VALIDACION
PLOMO,1. EDTA 2. Penicilamina 3. Succimer,"1. *amp. 200mg/ml, 5ml. Dosis: En encefalopatía o plumbemia mayor de 150 g/dl...",1. *El tratamiento con EDTA es durante 5 días y si los niveles no disminuyen ...,PENDIENTE_VALIDACION
"SÍNDROME ANTICOLINÉRGICO (ESCOPOLAMINA, DERIVADO ATROPÍNICOS, ANTIHISTAMINICOS)",1. Vitamina C 2. Fisostigmine,"1. * Amp 1 g/5 ml , tab 500 mg Dosis: Adultos: 500-1000 mg cada 8 horas; Niño...",* No administrar IM o en infusión continua. * La fisostigmina está limitada a...,PENDIENTE_VALIDACION
TALIO,1. Penicilamina 2. Tiosulfato de sodio,"1. VER MANEJO INTOX PLOMO 2. * Amp al 20%, Dosis: 1 ampolla IV cada 6 horas e...",*Realizar lavado gástrico con tiosulfato de sodio por la afinidad del Talio p...,PENDIENTE_VALIDACION
METOTREXATE,LEUCOVORINA,*Amp 50 mg/5 ml y 25 mg/mL. *Dosis Adultos y niños: 10-25 mg/m2 IV cada 6 ho...,,PENDIENTE_VALIDACION
ANTIDEPRESIVOS ISRS,CIPROHEPTADINA,*Tabletas 4 mg; Jbe 2 mg/5 ml. *Dosis Adultos : 12 mg dividido en 3 dosis (4 ...,*Usar solo si el paciente no ha recibido carbon activado,PENDIENTE_VALIDACION
"INTOXICACION POR IONES (SULFATO O CLORURO DE Mg, K, O Mn)",GLUCONATO DE CALCIO,"*Amp 10%, administrar 1 mg en 10 mL cada 3 minutos hasta obtener respuesta en...",,PENDIENTE_VALIDACION
