med_id,principio_activo,reglas_pediatria,estado_pediatria,nivel_uso,escenarios
MED-0001,(ALFA) RIFAXIMINA,0,PENDIENTE DE REVISIÓN INDIVIDUAL,PENDIENTE,
MED-0002,ABACAVIR,0,PENDIENTE DE REVISIÓN INDIVIDUAL,PENDIENTE,
MED-0003,ABEMACICLIB,0,PENDIENTE DE REVISIÓN INDIVIDUAL,PENDIENTE,
MED-0004,ABIRATERONA,0,PENDIENTE DE REVISIÓN INDIVIDUAL,PENDIENTE,
MED-0005,ABROCITINIB,0,PENDIENTE DE REVISIÓN INDIVIDUAL,PENDIENTE,
MED-0006,ACECLOFENACO,0,PENDIENTE DE REVISIÓN INDIVIDUAL,PENDIENTE,
MED-0007,ACETATO DE CIPROTERONA,0,PENDIENTE DE REVISIÓN INDIVIDUAL,PENDIENTE,
MED-0008,ACETATO DE CLORMADINONA,0,PENDIENTE DE REVISIÓN INDIVIDUAL,PENDIENTE,
MED-0009,ACETATO DE INDACATEROL,0,PENDIENTE DE REVISIÓN INDIVIDUAL,PENDIENTE,
MED-0010,ACETATO DE LISINA,0,PENDIENTE DE REVISIÓN INDIVIDUAL,PENDIENTE,
MED-0011,ACETATO DE MEDROXIPROGESTERONA,0,PENDIENTE DE REVISIÓN INDIVIDUAL,PENDIENTE,
MED-0012,ACETATO DE NOMEGESTROL,0,PENDIENTE DE REVISIÓN INDIVIDUAL,PENDIENTE,
MED-0013,ACETATO DE ULIPRISTAL,0,PENDIENTE DE REVISIÓN INDIVIDUAL,PENDIENTE,
MED-0014,ACETAZOLAMIDA,0,PENDIENTE DE REVISIÓN INDIVIDUAL,PENDIENTE,
MED-0015,ACETILCISTEINA,0,PENDIENTE DE REVISIÓN INDIVIDUAL,PENDIENTE,
MED-0016,ACETONIDO DE TRIAMCINOLONA,0,PENDIENTE DE REVISIÓN INDIVIDUAL,PENDIENTE,
MED-0017,ACICLOVIR,4,HABILITADO,GENERAL,"HSV | HSV SNC | HSV SNC / HSV inmunocomprometido / VZV | HSV mucocutáneo, huésped inmunocompetente"
MED-0018,ÁCIDO ACETIL SALICILICO,0,PENDIENTE DE REVISIÓN INDIVIDUAL,PENDIENTE,
MED-0019,ACIDO ALFA LIPOICO,0,PENDIENTE DE REVISIÓN INDIVIDUAL,PENDIENTE,
MED-0020,ACIDO ALGINICO,0,PENDIENTE DE REVISIÓN INDIVIDUAL,PENDIENTE,
MED-0021,ACIDO ASCORBICO,0,PENDIENTE DE REVISIÓN INDIVIDUAL,PENDIENTE,
MED-0022,ACIDO CARGLUMICO,0,PENDIENTE DE REVISIÓN INDIVIDUAL,PENDIENTE,
MED-0023,ACIDO CITRICO,0,PENDIENTE DE REVISIÓN INDIVIDUAL,PENDIENTE,
MED-0024,ÁCIDO CLAVULÁNICO,0,PENDIENTE DE REVISIÓN INDIVIDUAL,PENDIENTE,
MED-0025,ACIDO COLICO,0,PENDIENTE DE REVISIÓN INDIVIDUAL,PENDIENTE,
MED-0026,ACIDO DECOSA HEXAENOICO,0,PENDIENTE DE REVISIÓN INDIVIDUAL,PENDIENTE,
MED-0027,ÁCIDO FENOFIBRICO,0,PENDIENTE DE REVISIÓN INDIVIDUAL,PENDIENTE,
MED-0028,ÁCIDO FOLICO,0,PENDIENTE DE REVISIÓN INDIVIDUAL,PENDIENTE,
MED-0029,ACIDO IBANDRONICO,0,PENDIENTE DE REVISIÓN INDIVIDUAL,PENDIENTE,
MED-0030,ACIDO MEFENAMICO,0,PENDIENTE DE REVISIÓN INDIVIDUAL,PENDIENTE,
MED-0031,ACIDO OROTICO ANHIDRO,0,PENDIENTE DE REVISIÓN INDIVIDUAL,PENDIENTE,
MED-0032,ACIDO PIPEMIDICO,0,PENDIENTE DE REVISIÓN INDIVIDUAL,PENDIENTE,
MED-0033,ACIDO TIOCTICO,0,PENDIENTE DE REVISIÓN INDIVIDUAL,PENDIENTE,
MED-0034,ACIDO TOLFENAMICO,0,PENDIENTE DE REVISIÓN INDIVIDUAL,PENDIENTE,
MED-0035,ACIDO TRANEXAMICO,0,PENDIENTE DE REVISIÓN INDIVIDUAL,PENDIENTE,
MED-0036,ACIDO URSODESOXICOLICO,0,PENDIENTE DE REVISIÓN INDIVIDUAL,PENDIENTE,
MED-0037,ACIDO VALPROICO,1,HABILITADO,GENERAL,Convulsión aguda – segunda línea
MED-0038,ÁCIDOS OMEGA 3 ETIL ESTER 84%(EQUIVALENTE A 465 MG DE ÁCIDO EIC...,0,PENDIENTE DE REVISIÓN INDIVIDUAL,PENDIENTE,
MED-0039,AFATINIB,0,PENDIENTE DE REVISIÓN INDIVIDUAL,PENDIENTE,
MED-0040,AGOMELATINA,0,PENDIENTE DE REVISIÓN INDIVIDUAL,PENDIENTE,
MED-0041,ALBENDAZOL,0,PENDIENTE DE REVISIÓN INDIVIDUAL,PENDIENTE,
MED-0042,ALENDRONATO,0,PENDIENTE DE REVISIÓN INDIVIDUAL,PENDIENTE,
MED-0043,ALFAMETILDOPA,0,PENDIENTE DE REVISIÓN INDIVIDUAL,PENDIENTE,
MED-0044,ALIZAPRIDA,0,PENDIENTE DE REVISIÓN INDIVIDUAL,PENDIENTE,
MED-0045,ALOPURINOL,0,PENDIENTE DE REVISIÓN INDIVIDUAL,PENDIENTE,
MED-0046,ALPRAZOLAM,0,PENDIENTE DE REVISIÓN INDIVIDUAL,PENDIENTE,
MED-0047,AMANTADINA CLORHIDRATO,0,PENDIENTE DE REVISIÓN INDIVIDUAL,PENDIENTE,
MED-0048,AMBRISENTAN,0,PENDIENTE DE REVISIÓN INDIVIDUAL,PENDIENTE,
MED-0049,AMIODARONA CLORHIDRATO,0,PENDIENTE DE REVISIÓN INDIVIDUAL,PENDIENTE,
MED-0050,AMISULPRIDA,0,PENDIENTE DE REVISIÓN INDIVIDUAL,PENDIENTE,
MED-0051,AMITRIPTILINA,0,PENDIENTE DE REVISIÓN INDIVIDUAL,PENDIENTE,
MED-0052,AMLODIPINO,1,HABILITADO – ESPECIALISTA/MONITORIZACIÓN,MONITORIZACIÓN,Hipertensión arterial
MED-0053,AMOXICILINA,5,HABILITADO,GENERAL,Dosis estándar (infecciones comunes) | Faringitis estreptocócica | Neumonía bacteriana ambulatoria (MINSAL Chile 2025) | Otitis media aguda – tratamiento antibiótico | Sinusitis bacteriana aguda – no grave
MED-0054,AMPICILINA,2,HABILITADO,GENERAL,Infección habitual | Meningitis / endocarditis
MED-0055,ANAGRALIDA,0,PENDIENTE DE REVISIÓN INDIVIDUAL,PENDIENTE,
MED-0056,ANASTRAZOL,0,PENDIENTE DE REVISIÓN INDIVIDUAL,PENDIENTE,
MED-0057,APIXABAN,0,PENDIENTE DE REVISIÓN INDIVIDUAL,PENDIENTE,
MED-0058,APREMILAST,0,PENDIENTE DE REVISIÓN INDIVIDUAL,PENDIENTE,
MED-0059,ARIPIPRAZOL,4,HABILITADO – ESPECIALISTA/MONITORIZACIÓN,ESPECIALISTA/MONITORIZACIÓN,Irritabilidad asociada a trastorno autista – inicio | Irritabilidad asociada a trastorno autista – rango terapéutico | Síndrome de Tourette – inicio
MED-0060,ARTEMETER,0,PENDIENTE DE REVISIÓN INDIVIDUAL,PENDIENTE,
MED-0061,ASCORBATO DE SODIO,0,PENDIENTE DE REVISIÓN INDIVIDUAL,PENDIENTE,
MED-0062,ATAZANAVIR,0,PENDIENTE DE REVISIÓN INDIVIDUAL,PENDIENTE,
MED-0063,ATENOLOL,0,PENDIENTE DE REVISIÓN INDIVIDUAL,PENDIENTE,
MED-0064,ATORVASTATINA,0,PENDIENTE DE REVISIÓN INDIVIDUAL,PENDIENTE,
MED-0065,AVANAFIL,0,PENDIENTE DE REVISIÓN INDIVIDUAL,PENDIENTE,
MED-0066,AXITINIB,0,PENDIENTE DE REVISIÓN INDIVIDUAL,PENDIENTE,
MED-0067,AZATIOPRINA,0,PENDIENTE DE REVISIÓN INDIVIDUAL,PENDIENTE,
MED-0068,AZITROMICINA,5,HABILITADO,GENERAL,NAC ambulatoria – sospecha de etiología atípica – día 1 | NAC ambulatoria – sospecha de etiología atípica – días 2–5 | Pertussis / profilaxis posexposición | Pertussis / profilaxis posexposición – día 1 | Pertussis / profilaxis posexposición – días 2–5
MED-0069,BACLOFENO,0,PENDIENTE DE REVISIÓN INDIVIDUAL,PENDIENTE,
MED-0070,BARICITINIB,0,PENDIENTE DE REVISIÓN INDIVIDUAL,PENDIENTE,
MED-0071,BELATACEPT,0,PENDIENTE DE REVISIÓN INDIVIDUAL,PENDIENTE,
MED-0072,BENCIDAMINA,0,PENDIENTE DE REVISIÓN INDIVIDUAL,PENDIENTE,
MED-0073,BENOXINATO,0,PENDIENTE DE REVISIÓN INDIVIDUAL,PENDIENTE,
MED-0074,BENZNIDAZOL,0,PENDIENTE DE REVISIÓN INDIVIDUAL,PENDIENTE,
MED-0075,BENZOCAINA,0,PENDIENTE DE REVISIÓN INDIVIDUAL,PENDIENTE,
MED-0076,BETAHISTINA CLORHIDRATO,0,PENDIENTE DE REVISIÓN INDIVIDUAL,PENDIENTE,
MED-0077,BICALUTAMIDA,0,PENDIENTE DE REVISIÓN INDIVIDUAL,PENDIENTE,
MED-0078,BICARBONATO DE SODIO,0,PENDIENTE DE REVISIÓN INDIVIDUAL,PENDIENTE,
MED-0079,BICTEGRAVIR,0,PENDIENTE DE REVISIÓN INDIVIDUAL,PENDIENTE,
MED-0080,BILASTINA,0,PENDIENTE DE REVISIÓN INDIVIDUAL,PENDIENTE,
MED-0081,BIPERIDENO CLORHIDRATO,0,PENDIENTE DE REVISIÓN INDIVIDUAL,PENDIENTE,
MED-0082,BISACODILO,0,PENDIENTE DE REVISIÓN INDIVIDUAL,PENDIENTE,
MED-0083,BISOPROLOL FUMARATO,0,PENDIENTE DE REVISIÓN INDIVIDUAL,PENDIENTE,
MED-0084,BOSENTAN,0,PENDIENTE DE REVISIÓN INDIVIDUAL,PENDIENTE,
MED-0085,BOSUTINIB,0,PENDIENTE DE REVISIÓN INDIVIDUAL,PENDIENTE,
MED-0086,BOSUTINIB,0,PENDIENTE DE REVISIÓN INDIVIDUAL,PENDIENTE,
MED-0087,BRIGATINIB,0,PENDIENTE DE REVISIÓN INDIVIDUAL,PENDIENTE,
MED-0088,BRIVARACETAM,8,HABILITADO – ESPECIALISTA/MONITORIZACIÓN,ESPECIALISTA/MONITORIZACIÓN,Crisis focales – Inicio | Crisis focales – Mantenimiento
MED-0089,BROMAZEPAM,0,PENDIENTE DE REVISIÓN INDIVIDUAL,PENDIENTE,
MED-0090,BROMHEXINA,0,PENDIENTE DE REVISIÓN INDIVIDUAL,PENDIENTE,
MED-0091,BROMOPRIDA,0,PENDIENTE DE REVISIÓN INDIVIDUAL,PENDIENTE,
MED-0092,BUCLIZINA,0,PENDIENTE DE REVISIÓN INDIVIDUAL,PENDIENTE,
MED-0093,BUDESONIDA,3,HABILITADO – ESPECIALISTA/MONITORIZACIÓN,MONITORIZACIÓN,Asma persistente – nebulizada; previo corticosteroide inhalado | Asma persistente – nebulizada; previo corticosteroide oral | Asma persistente – nebulizada; previo solo broncodilatador
MED-0094,BUPROPION,0,PENDIENTE DE REVISIÓN INDIVIDUAL,PENDIENTE,
MED-0095,CABERGOLINA,0,PENDIENTE DE REVISIÓN INDIVIDUAL,PENDIENTE,
MED-0096,CABOTEGRAVIR,0,PENDIENTE DE REVISIÓN INDIVIDUAL,PENDIENTE,
MED-0097,CABOZANTINIB,0,PENDIENTE DE REVISIÓN INDIVIDUAL,PENDIENTE,
MED-0098,CAFEINA,0,PENDIENTE DE REVISIÓN INDIVIDUAL,PENDIENTE,
MED-0099,CALCITRIOL,0,PENDIENTE DE REVISIÓN INDIVIDUAL,PENDIENTE,
MED-0100,CANDESARTAN,0,PENDIENTE DE REVISIÓN INDIVIDUAL,PENDIENTE,
MED-0101,CAPECITABINA,0,PENDIENTE DE REVISIÓN INDIVIDUAL,PENDIENTE,
MED-0102,CAPTOPRIL,0,PENDIENTE DE REVISIÓN INDIVIDUAL,PENDIENTE,
MED-0103,CARBAMAZEPINA,2,HABILITADO – ESPECIALISTA/MONITORIZACIÓN,ESPECIALISTA/MONITORIZACIÓN,Epilepsia – inicio
MED-0104,CARBIDOPA,0,PENDIENTE DE REVISIÓN INDIVIDUAL,PENDIENTE,
MED-0105,CARBON ACTIVADO,0,PENDIENTE DE REVISIÓN INDIVIDUAL,PENDIENTE,
MED-0106,CARBONATO DE CALCIO,0,PENDIENTE DE REVISIÓN INDIVIDUAL,PENDIENTE,
MED-0107,CARBONATO DE LITIO,0,PENDIENTE DE REVISIÓN INDIVIDUAL,PENDIENTE,
MED-0108,CARVEDILOL,0,PENDIENTE DE REVISIÓN INDIVIDUAL,PENDIENTE,
MED-0109,CEFADROXILO,3,HABILITADO,GENERAL,Faringitis / amigdalitis / impétigo | ITU | Infección de piel y estructuras cutáneas
MED-0110,CEFALEXINA,2,HABILITADO,GENERAL,"Infección grave (p. ej., osteomielitis/pielonefritis) | Infección leve-moderada"
MED-0111,CEFDITOREN,0,PENDIENTE DE REVISIÓN INDIVIDUAL,PENDIENTE,
MED-0112,CEFPODOXIME,0,PENDIENTE DE REVISIÓN INDIVIDUAL,PENDIENTE,
MED-0113,CEFRADINA,0,PENDIENTE DE REVISIÓN INDIVIDUAL,PENDIENTE,
MED-0114,CEFTIBUTENO,0,PENDIENTE DE REVISIÓN INDIVIDUAL,PENDIENTE,
MED-0115,CEFUROXIMA,1,HABILITADO,GENERAL,NAC / OMA / sinusitis – alternativa oral con cefalosporina
MED-0116,CELECOXIB,0,PENDIENTE DE REVISIÓN INDIVIDUAL,PENDIENTE,
MED-0117,CETILPIRIDINIO,0,PENDIENTE DE REVISIÓN INDIVIDUAL,PENDIENTE,
MED-0118,CETIRIZINA,5,HABILITADO,GENERAL,Urticaria aguda
MED-0119,CIANOCOBALAMINA,0,PENDIENTE DE REVISIÓN INDIVIDUAL,PENDIENTE,
MED-0120,CICLOBENZAPRINA,0,PENDIENTE DE REVISIÓN INDIVIDUAL,PENDIENTE,
MED-0121,CICLOFOSFAMIDA,0,PENDIENTE DE REVISIÓN INDIVIDUAL,PENDIENTE,
MED-0122,CICLONAMINA (ETAMSILATO),0,PENDIENTE DE REVISIÓN INDIVIDUAL,PENDIENTE,
MED-0123,CICLOSPORINA,0,PENDIENTE DE REVISIÓN INDIVIDUAL,PENDIENTE,
MED-0124,CILOSTAZOL,0,PENDIENTE DE REVISIÓN INDIVIDUAL,PENDIENTE,
MED-0125,CINACALCET,0,PENDIENTE DE REVISIÓN INDIVIDUAL,PENDIENTE,
MED-0126,CINARIZINA,0,PENDIENTE DE REVISIÓN INDIVIDUAL,PENDIENTE,
MED-0127,CINITAPRIDA,0,PENDIENTE DE REVISIÓN INDIVIDUAL,PENDIENTE,
MED-0128,CIPROFIBRATO,0,PENDIENTE DE REVISIÓN INDIVIDUAL,PENDIENTE,
MED-0129,CIPROFLOXACINA,2,HABILITADO,GENERAL,Infecciones susceptibles
MED-0130,CIPROTERONA ACETATO,0,PENDIENTE DE REVISIÓN INDIVIDUAL,PENDIENTE,
MED-0131,CITALOPRAM,0,PENDIENTE DE REVISIÓN INDIVIDUAL,PENDIENTE,
MED-0132,CITICOLINA SODICA,0,PENDIENTE DE REVISIÓN INDIVIDUAL,PENDIENTE,
MED-0133,CITRATO DE ALVERINA,0,PENDIENTE DE REVISIÓN INDIVIDUAL,PENDIENTE,
MED-0134,CITRATO DE POTASIO,0,PENDIENTE DE REVISIÓN INDIVIDUAL,PENDIENTE,
MED-0135,CLADRIBINA,0,PENDIENTE DE REVISIÓN INDIVIDUAL,PENDIENTE,
MED-0136,CLARITROMICINA,1,HABILITADO,GENERAL,Infecciones pediátricas según ficha técnica
MED-0137,CLEMASTINA,0,PENDIENTE DE REVISIÓN INDIVIDUAL,PENDIENTE,
MED-0138,CLINDAMICINA,3,HABILITADO,GENERAL,Fascitis necrotizante | Infección habitual | Infección ósea/articular
MED-0139,CLOBAZAM,6,HABILITADO – ESPECIALISTA/MONITORIZACIÓN,ESPECIALISTA/MONITORIZACIÓN,Lennox-Gastaut – día 14 / objetivo | Lennox-Gastaut – día 7 | Lennox-Gastaut – inicio
MED-0140,CLOMIFENO,0,PENDIENTE DE REVISIÓN INDIVIDUAL,PENDIENTE,
MED-0141,CLOMIPRAMINA,0,PENDIENTE DE REVISIÓN INDIVIDUAL,PENDIENTE,
MED-0142,CLONAZEPAM,2,HABILITADO – ESPECIALISTA/MONITORIZACIÓN,ESPECIALISTA/MONITORIZACIÓN,Trastorno convulsivo – dosis inicial | Trastorno convulsivo – mantenimiento
MED-0143,CLONIDINA,4,HABILITADO – ESPECIALISTA/MONITORIZACIÓN,ESPECIALISTA/MONITORIZACIÓN,"TDAH – liberación prolongada, dosis total 0.2 mg/día | TDAH – liberación prolongada, dosis total 0.3 mg/día | TDAH – liberación prolongada, dosis total 0.4 mg/día | TDAH – liberación prolongada, semana 1"
MED-0144,CLONIXINATO DE LISINA,0,PENDIENTE DE REVISIÓN INDIVIDUAL,PENDIENTE,
MED-0145,CLOPIDOGREL,0,PENDIENTE DE REVISIÓN INDIVIDUAL,PENDIENTE,
MED-0146,CLORAMBUCILO,0,PENDIENTE DE REVISIÓN INDIVIDUAL,PENDIENTE,
MED-0147,CLORANFENICOL,0,PENDIENTE DE REVISIÓN INDIVIDUAL,PENDIENTE,
MED-0148,CLORFENAMINA,0,PENDIENTE DE REVISIÓN INDIVIDUAL,PENDIENTE,
MED-0149,CLORHEXIDINA,0,PENDIENTE DE REVISIÓN INDIVIDUAL,PENDIENTE,
MED-0150,CLORHIDRATO DE ALFUZOSINA,0,PENDIENTE DE REVISIÓN INDIVIDUAL,PENDIENTE,
MED-0151,CLORMADINONA ACETATO,0,PENDIENTE DE REVISIÓN INDIVIDUAL,PENDIENTE,
MED-0152,CLOROQUINA,0,PENDIENTE DE REVISIÓN INDIVIDUAL,PENDIENTE,
MED-0153,CLORTALIDONA,0,PENDIENTE DE REVISIÓN INDIVIDUAL,PENDIENTE,
MED-0154,CLORURO DE TROSPIO,0,PENDIENTE DE REVISIÓN INDIVIDUAL,PENDIENTE,
MED-0155,CLOTIAZEPAM,0,PENDIENTE DE REVISIÓN INDIVIDUAL,PENDIENTE,
MED-0156,CLOTRIMAZOL,0,PENDIENTE DE REVISIÓN INDIVIDUAL,PENDIENTE,
MED-0157,CLOZAPINA,0,PENDIENTE DE REVISIÓN INDIVIDUAL,PENDIENTE,
MED-0158,COBICISTAT,0,PENDIENTE DE REVISIÓN INDIVIDUAL,PENDIENTE,
MED-0159,CODEINA,0,PENDIENTE DE REVISIÓN INDIVIDUAL,PENDIENTE,
MED-0160,COLCHICINA,0,PENDIENTE DE REVISIÓN INDIVIDUAL,PENDIENTE,
MED-0161,COLECALCIFEROL,0,PENDIENTE DE REVISIÓN INDIVIDUAL,PENDIENTE,
MED-0162,CONDROITINA SULFATO,0,PENDIENTE DE REVISIÓN INDIVIDUAL,PENDIENTE,
MED-0163,CRIZOTINIB,0,PENDIENTE DE REVISIÓN INDIVIDUAL,PENDIENTE,
MED-0164,DABIGATRAN,0,PENDIENTE DE REVISIÓN INDIVIDUAL,PENDIENTE,
MED-0165,DACOMITINIB,0,PENDIENTE DE REVISIÓN INDIVIDUAL,PENDIENTE,
MED-0166,DANAZOL,0,PENDIENTE DE REVISIÓN INDIVIDUAL,PENDIENTE,
MED-0167,DANURAVIR,0,PENDIENTE DE REVISIÓN INDIVIDUAL,PENDIENTE,
MED-0168,DAPAGLIFLOZINA,0,PENDIENTE DE REVISIÓN INDIVIDUAL,PENDIENTE,
MED-0169,DAPOXETINA,0,PENDIENTE DE REVISIÓN INDIVIDUAL,PENDIENTE,
MED-0170,DAPSONA,0,PENDIENTE DE REVISIÓN INDIVIDUAL,PENDIENTE,
MED-0171,DARIFENACINA,0,PENDIENTE DE REVISIÓN INDIVIDUAL,PENDIENTE,
MED-0172,DAROLUTAMIDA,0,PENDIENTE DE REVISIÓN INDIVIDUAL,PENDIENTE,
MED-0173,DARUNAVIR,0,PENDIENTE DE REVISIÓN INDIVIDUAL,PENDIENTE,
MED-0174,DASATINIB,0,PENDIENTE DE REVISIÓN INDIVIDUAL,PENDIENTE,
MED-0175,DECUALINIO,0,PENDIENTE DE REVISIÓN INDIVIDUAL,PENDIENTE,
MED-0176,DEFERASIROX,0,PENDIENTE DE REVISIÓN INDIVIDUAL,PENDIENTE,
MED-0177,DEFLAZACORT,0,PENDIENTE DE REVISIÓN INDIVIDUAL,PENDIENTE,
MED-0178,DELAFLOXACINO,0,PENDIENTE DE REVISIÓN INDIVIDUAL,PENDIENTE,
MED-0179,DESLORATADINA,4,HABILITADO,GENERAL,Rinitis alérgica / urticaria crónica idiopática
MED-0180,DESOGESTREL,0,PENDIENTE DE REVISIÓN INDIVIDUAL,PENDIENTE,
MED-0181,DESVENLAFAXINA,0,PENDIENTE DE REVISIÓN INDIVIDUAL,PENDIENTE,
MED-0182,DEXAMETASONA,2,HABILITADO,GENERAL,Croup grave o amenaza vital | Croup leve-moderado con indicación de corticoide
MED-0183,DEXIBUPROFENO,0,PENDIENTE DE REVISIÓN INDIVIDUAL,PENDIENTE,
MED-0184,DEXKETOPROFENO,0,PENDIENTE DE REVISIÓN INDIVIDUAL,PENDIENTE,
MED-0185,DEXLANSOPRAZOL,0,PENDIENTE DE REVISIÓN INDIVIDUAL,PENDIENTE,
MED-0186,DEXTROMETORFANO,0,PENDIENTE DE REVISIÓN INDIVIDUAL,PENDIENTE,
MED-0187,DIACEREINA,0,PENDIENTE DE REVISIÓN INDIVIDUAL,PENDIENTE,
MED-0188,DIAZEPAM,1,HABILITADO,GENERAL,Convulsión aguda – primera línea
MED-0189,DICLOFENACO,0,PENDIENTE DE REVISIÓN INDIVIDUAL,PENDIENTE,
MED-0190,DICLOXACILINA,0,PENDIENTE DE REVISIÓN INDIVIDUAL,PENDIENTE,
MED-0191,DIDROGESTERONA,0,PENDIENTE DE REVISIÓN INDIVIDUAL,PENDIENTE,
MED-0192,DIENOGEST,0,PENDIENTE DE REVISIÓN INDIVIDUAL,PENDIENTE,
MED-0193,DIFENHIDRAMINA,0,PENDIENTE DE REVISIÓN INDIVIDUAL,PENDIENTE,
MED-0194,DIFENOXILATO,0,PENDIENTE DE REVISIÓN INDIVIDUAL,PENDIENTE,
MED-0195,DIGOXINA,0,PENDIENTE DE REVISIÓN INDIVIDUAL,PENDIENTE,
MED-0196,DILTIAZEM,0,PENDIENTE DE REVISIÓN INDIVIDUAL,PENDIENTE,
MED-0197,DIMENHIDRINATO,0,PENDIENTE DE REVISIÓN INDIVIDUAL,PENDIENTE,
MED-0198,DIMETIL FUMARATO,0,PENDIENTE DE REVISIÓN INDIVIDUAL,PENDIENTE,
MED-0199,DIMETILPOLISILOXANO (DIMETICONA),0,PENDIENTE DE REVISIÓN INDIVIDUAL,PENDIENTE,
MED-0200,DINITRATO DE ISOSORBIDE,0,PENDIENTE DE REVISIÓN INDIVIDUAL,PENDIENTE,
MED-0201,DIOSMINA,0,PENDIENTE DE REVISIÓN INDIVIDUAL,PENDIENTE,
MED-0202,DIPIRONA,1,HABILITADO – ESPECIALISTA/MONITORIZACIÓN,MONITORIZACIÓN,Dolor o fiebre – dosis pediátrica del folleto ISP Chile
MED-0203,DOBESILATO CALCICO,0,PENDIENTE DE REVISIÓN INDIVIDUAL,PENDIENTE,
MED-0204,DOCUSATO DE SODIO,0,PENDIENTE DE REVISIÓN INDIVIDUAL,PENDIENTE,
MED-0205,DOLUTEGRAVIR,0,PENDIENTE DE REVISIÓN INDIVIDUAL,PENDIENTE,
MED-0206,DOMPERIDONA,0,PENDIENTE DE REVISIÓN INDIVIDUAL,PENDIENTE,
MED-0207,DONEPEZILO,0,PENDIENTE DE REVISIÓN INDIVIDUAL,PENDIENTE,
MED-0208,DORAVIRINA,0,PENDIENTE DE REVISIÓN INDIVIDUAL,PENDIENTE,
MED-0209,DOXASOZINA,0,PENDIENTE DE REVISIÓN INDIVIDUAL,PENDIENTE,
MED-0210,DOXEPINA,0,PENDIENTE DE REVISIÓN INDIVIDUAL,PENDIENTE,
MED-0211,DOXICICLINA,2,HABILITADO,GENERAL,Enfermedad rickettsial sospechada/confirmada
MED-0212,DOXILAMINA,0,PENDIENTE DE REVISIÓN INDIVIDUAL,PENDIENTE,
MED-0213,DOXOFILINA,0,PENDIENTE DE REVISIÓN INDIVIDUAL,PENDIENTE,
MED-0214,DRONABINOL,0,PENDIENTE DE REVISIÓN INDIVIDUAL,PENDIENTE,
MED-0215,DRONEDARONA,0,PENDIENTE DE REVISIÓN INDIVIDUAL,PENDIENTE,
MED-0216,DROSPIRENONA,0,PENDIENTE DE REVISIÓN INDIVIDUAL,PENDIENTE,
MED-0217,DROXIDOPA,0,PENDIENTE DE REVISIÓN INDIVIDUAL,PENDIENTE,
MED-0218,DULOXETINA,0,PENDIENTE DE REVISIÓN INDIVIDUAL,PENDIENTE,
MED-0219,DUTASTERIDA,0,PENDIENTE DE REVISIÓN INDIVIDUAL,PENDIENTE,
MED-0220,EFAVIRENZ,0,PENDIENTE DE REVISIÓN INDIVIDUAL,PENDIENTE,
MED-0221,ELETRIPTAN,0,PENDIENTE DE REVISIÓN INDIVIDUAL,PENDIENTE,
MED-0222,ELIGLUSTAT,0,PENDIENTE DE REVISIÓN INDIVIDUAL,PENDIENTE,
MED-0223,ELTROMBOPAG,0,PENDIENTE DE REVISIÓN INDIVIDUAL,PENDIENTE,
MED-0224,ELVITEGRAVIR,0,PENDIENTE DE REVISIÓN INDIVIDUAL,PENDIENTE,
MED-0225,EMPAGLIFOZINA,0,PENDIENTE DE REVISIÓN INDIVIDUAL,PENDIENTE,
MED-0226,EMTRICITABINA,0,PENDIENTE DE REVISIÓN INDIVIDUAL,PENDIENTE,
MED-0227,ENALAPRIL MALEATO,1,HABILITADO – ESPECIALISTA/MONITORIZACIÓN,MONITORIZACIÓN,Hipertensión arterial – inicio
MED-0228,ENTACAPONA,0,PENDIENTE DE REVISIÓN INDIVIDUAL,PENDIENTE,
MED-0229,ENTECAVIR,0,PENDIENTE DE REVISIÓN INDIVIDUAL,PENDIENTE,
MED-0230,ENTRECTINIB,0,PENDIENTE DE REVISIÓN INDIVIDUAL,PENDIENTE,
MED-0231,ENZALUTAMIDA,0,PENDIENTE DE REVISIÓN INDIVIDUAL,PENDIENTE,
MED-0232,EPLERENONA,0,PENDIENTE DE REVISIÓN INDIVIDUAL,PENDIENTE,
MED-0233,ERGOTAMINA TARTRATO,0,PENDIENTE DE REVISIÓN INDIVIDUAL,PENDIENTE,
MED-0234,ERITROMICINA,0,PENDIENTE DE REVISIÓN INDIVIDUAL,PENDIENTE,
MED-0235,ERLOTINIB,0,PENDIENTE DE REVISIÓN INDIVIDUAL,PENDIENTE,
MED-0236,ESCINA,0,PENDIENTE DE REVISIÓN INDIVIDUAL,PENDIENTE,
MED-0237,ESCITALOPRAM,4,HABILITADO – ESPECIALISTA/MONITORIZACIÓN,ESPECIALISTA/MONITORIZACIÓN,Depresión mayor – dosis máxima | Depresión mayor – inicio | Trastorno de ansiedad generalizada – dosis máxima | Trastorno de ansiedad generalizada – inicio
MED-0238,ESOMEPRAZOL,5,HABILITADO,GENERAL,ERGE sintomático | Esofagitis erosiva por ERGE
MED-0239,ESPIRAMICINA BASE,0,PENDIENTE DE REVISIÓN INDIVIDUAL,PENDIENTE,
MED-0240,ESPIRONOLACTONA,0,PENDIENTE DE REVISIÓN INDIVIDUAL,PENDIENTE,
MED-0241,ESTRADIOL,0,PENDIENTE DE REVISIÓN INDIVIDUAL,PENDIENTE,
MED-0242,ESZOPICLONA,0,PENDIENTE DE REVISIÓN INDIVIDUAL,PENDIENTE,
MED-0243,ETAMBUTOL CLORHIDRATO,0,PENDIENTE DE REVISIÓN INDIVIDUAL,PENDIENTE,
MED-0244,ETINIL ESTRADIOL,0,PENDIENTE DE REVISIÓN INDIVIDUAL,PENDIENTE,
MED-0245,ETORICOXIB,0,PENDIENTE DE REVISIÓN INDIVIDUAL,PENDIENTE,
MED-0246,ETRAVIRINA (TMC 125),0,PENDIENTE DE REVISIÓN INDIVIDUAL,PENDIENTE,
MED-0247,EVEROLIMUS,0,PENDIENTE DE REVISIÓN INDIVIDUAL,PENDIENTE,
MED-0248,EVOGLIPTINA,0,PENDIENTE DE REVISIÓN INDIVIDUAL,PENDIENTE,
MED-0249,EXEMESTANO,0,PENDIENTE DE REVISIÓN INDIVIDUAL,PENDIENTE,
MED-0250,EZETIMIBE,0,PENDIENTE DE REVISIÓN INDIVIDUAL,PENDIENTE,
MED-0251,FAMOTIDINA,4,HABILITADO,GENERAL,ERGE | ERGE con/sin esofagitis y ulceraciones | Úlcera péptica – dosis inicial
MED-0252,FEBUXOSTAT,0,PENDIENTE DE REVISIÓN INDIVIDUAL,PENDIENTE,
MED-0253,FENILEFRINA,0,PENDIENTE DE REVISIÓN INDIVIDUAL,PENDIENTE,
MED-0254,FENITOINA SODICA,1,HABILITADO,GENERAL,"Convulsión aguda – segunda línea, carga"
MED-0255,FENOBARBITAL,1,HABILITADO,GENERAL,Convulsión aguda – segunda línea
MED-0256,FENOFIBRATO,0,PENDIENTE DE REVISIÓN INDIVIDUAL,PENDIENTE,
MED-0257,FENOTEROL,0,PENDIENTE DE REVISIÓN INDIVIDUAL,PENDIENTE,
MED-0258,FENOVERINA,0,PENDIENTE DE REVISIÓN INDIVIDUAL,PENDIENTE,
MED-0259,FEXOFENADINA,4,HABILITADO,GENERAL,Rinitis alérgica estacional | Urticaria crónica idiopática
MED-0260,FINASTERIDA,0,PENDIENTE DE REVISIÓN INDIVIDUAL,PENDIENTE,
MED-0261,FINGOLIMOD,0,PENDIENTE DE REVISIÓN INDIVIDUAL,PENDIENTE,
MED-0262,FLAVONOIDES EXPRESADOS COMO HESPERIDINA MICRONIZADA Y PURIFICADA,0,PENDIENTE DE REVISIÓN INDIVIDUAL,PENDIENTE,
MED-0263,FLAVOXATO CLOHIDRATO,0,PENDIENTE DE REVISIÓN INDIVIDUAL,PENDIENTE,
MED-0264,FLUBENDAZOL,0,PENDIENTE DE REVISIÓN INDIVIDUAL,PENDIENTE,
MED-0265,FLUCITOSINA,0,PENDIENTE DE REVISIÓN INDIVIDUAL,PENDIENTE,
MED-0266,FLUCONAZOL,1,HABILITADO,GENERAL,Candidiasis invasiva
MED-0267,FLUDROCORTISONA,0,PENDIENTE DE REVISIÓN INDIVIDUAL,PENDIENTE,
MED-0268,FLUNARIZINA,0,PENDIENTE DE REVISIÓN INDIVIDUAL,PENDIENTE,
MED-0269,FLUOXETINA,3,HABILITADO – ESPECIALISTA/MONITORIZACIÓN,ESPECIALISTA/MONITORIZACIÓN,Depresión mayor – inicio | TOC – inicio | TOC – rango terapéutico
MED-0270,FLURBIPROFENO,0,PENDIENTE DE REVISIÓN INDIVIDUAL,PENDIENTE,
MED-0271,FLUTICASONA,0,PENDIENTE DE REVISIÓN INDIVIDUAL,PENDIENTE,
MED-0272,FLUVOXAMINA,0,PENDIENTE DE REVISIÓN INDIVIDUAL,PENDIENTE,
MED-0273,FORMOTEROL,0,PENDIENTE DE REVISIÓN INDIVIDUAL,PENDIENTE,
MED-0274,FURAZOLIDONA,0,PENDIENTE DE REVISIÓN INDIVIDUAL,PENDIENTE,
MED-0275,FUROSEMIDA,2,HABILITADO – ESPECIALISTA/MONITORIZACIÓN,MONITORIZACIÓN,Edema / necesidad parenteral – dosis inicial | Edema – dosis inicial oral
MED-0276,GABAPENTIN,3,HABILITADO – ESPECIALISTA/MONITORIZACIÓN,ESPECIALISTA/MONITORIZACIÓN,Crisis focales – inicio | Crisis focales – mantenimiento
MED-0277,GALANTAMINA,0,PENDIENTE DE REVISIÓN INDIVIDUAL,PENDIENTE,
MED-0278,GEFITINIB,0,PENDIENTE DE REVISIÓN INDIVIDUAL,PENDIENTE,
MED-0279,GEMFIBROZILO,0,PENDIENTE DE REVISIÓN INDIVIDUAL,PENDIENTE,
MED-0280,GESTODENO,0,PENDIENTE DE REVISIÓN INDIVIDUAL,PENDIENTE,
MED-0281,GILTERITINIB,0,PENDIENTE DE REVISIÓN INDIVIDUAL,PENDIENTE,
MED-0282,GLIBENCLAMIDA,0,PENDIENTE DE REVISIÓN INDIVIDUAL,PENDIENTE,
MED-0283,GLICLAZIDA,0,PENDIENTE DE REVISIÓN INDIVIDUAL,PENDIENTE,
MED-0284,GLIMEPIRIDA,0,PENDIENTE DE REVISIÓN INDIVIDUAL,PENDIENTE,
MED-0285,GLUCOSAMINA SULFATO,0,PENDIENTE DE REVISIÓN INDIVIDUAL,PENDIENTE,
MED-0286,HALOPERIDOL,0,PENDIENTE DE REVISIÓN INDIVIDUAL,PENDIENTE,
MED-0287,HESPERIDINA,0,PENDIENTE DE REVISIÓN INDIVIDUAL,PENDIENTE,
MED-0288,HIDROCLOROTIAZIDA,0,PENDIENTE DE REVISIÓN INDIVIDUAL,PENDIENTE,
MED-0289,HIDROCODONA,0,PENDIENTE DE REVISIÓN INDIVIDUAL,PENDIENTE,
MED-0290,HIDROCORTISONA,10,HABILITADO – ESPECIALISTA/MONITORIZACIÓN,URGENCIA/ESPECIALISTA,Crisis suprarrenal – continuación cada 6 h | Crisis suprarrenal – dosis inicial
MED-0291,HIDROMORFONA CLORHIDRATO,0,PENDIENTE DE REVISIÓN INDIVIDUAL,PENDIENTE,
MED-0292,HIDROSMINA,0,PENDIENTE DE REVISIÓN INDIVIDUAL,PENDIENTE,
MED-0293,HIDROTALCITA,0,PENDIENTE DE REVISIÓN INDIVIDUAL,PENDIENTE,
MED-0294,HIDROXICINA CLORHIDRATO,0,PENDIENTE DE REVISIÓN INDIVIDUAL,PENDIENTE,
MED-0295,HIDROXICLOROQUINA,0,PENDIENTE DE REVISIÓN INDIVIDUAL,PENDIENTE,
MED-0296,HIDROXIUREA,0,PENDIENTE DE REVISIÓN INDIVIDUAL,PENDIENTE,
MED-0297,HIOSCINA,0,PENDIENTE DE REVISIÓN INDIVIDUAL,PENDIENTE,
MED-0298,HISTIDINA,0,PENDIENTE DE REVISIÓN INDIVIDUAL,PENDIENTE,
MED-0299,IBANDRONATO,0,PENDIENTE DE REVISIÓN INDIVIDUAL,PENDIENTE,
MED-0300,IBRUTINIB,0,PENDIENTE DE REVISIÓN INDIVIDUAL,PENDIENTE,
MED-0301,IBUPROFENO,1,HABILITADO,GENERAL,Dolor/fiebre
MED-0302,ICOSAPENTANOATO DE ETILO,0,PENDIENTE DE REVISIÓN INDIVIDUAL,PENDIENTE,
MED-0303,IMATINIB,0,PENDIENTE DE REVISIÓN INDIVIDUAL,PENDIENTE,
MED-0304,IMIPRAMINA CLORHIDRATO,0,PENDIENTE DE REVISIÓN INDIVIDUAL,PENDIENTE,
MED-0305,INDACATEROL,0,PENDIENTE DE REVISIÓN INDIVIDUAL,PENDIENTE,
MED-0306,INDAPAMIDA,0,PENDIENTE DE REVISIÓN INDIVIDUAL,PENDIENTE,
MED-0307,INDOMETACINA,0,PENDIENTE DE REVISIÓN INDIVIDUAL,PENDIENTE,
MED-0308,IPRATROPIO,0,PENDIENTE DE REVISIÓN INDIVIDUAL,PENDIENTE,
MED-0309,IRBERSARTAN,0,PENDIENTE DE REVISIÓN INDIVIDUAL,PENDIENTE,
MED-0310,ISAVUCONAZOL,0,PENDIENTE DE REVISIÓN INDIVIDUAL,PENDIENTE,
MED-0311,ISOFLAVONA,0,PENDIENTE DE REVISIÓN INDIVIDUAL,PENDIENTE,
MED-0312,ISOMETEPTENO MUCATO,0,PENDIENTE DE REVISIÓN INDIVIDUAL,PENDIENTE,
MED-0313,ISONIACIDA,1,HABILITADO – ESPECIALISTA/MONITORIZACIÓN,ESPECIALISTA/MONITORIZACIÓN,Tuberculosis latente (LTBI) – alternativa a rifampicina
MED-0314,ISOSORBIDE DINITRATO,0,PENDIENTE DE REVISIÓN INDIVIDUAL,PENDIENTE,
MED-0315,ISOTRETINOINA,0,PENDIENTE DE REVISIÓN INDIVIDUAL,PENDIENTE,
MED-0316,ITOPRIDE CLORHIDRATO,0,PENDIENTE DE REVISIÓN INDIVIDUAL,PENDIENTE,
MED-0317,IVABRADINA,0,PENDIENTE DE REVISIÓN INDIVIDUAL,PENDIENTE,
MED-0318,IXAZOMIB,0,PENDIENTE DE REVISIÓN INDIVIDUAL,PENDIENTE,
MED-0319,KETOCONAZOL,0,PENDIENTE DE REVISIÓN INDIVIDUAL,PENDIENTE,
MED-0320,KETOPROFENO,0,PENDIENTE DE REVISIÓN INDIVIDUAL,PENDIENTE,
MED-0321,KETOROLACO,2,HABILITADO – ESPECIALISTA/MONITORIZACIÓN,URGENCIA/MONITORIZACIÓN,Dolor – vía EV
MED-0322,L-HISTIDINA,0,PENDIENTE DE REVISIÓN INDIVIDUAL,PENDIENTE,
MED-0323,L-TIROSINA,0,PENDIENTE DE REVISIÓN INDIVIDUAL,PENDIENTE,
MED-0324,L-TREONINA,0,PENDIENTE DE REVISIÓN INDIVIDUAL,PENDIENTE,
MED-0325,L-TRIPTOFANO,0,PENDIENTE DE REVISIÓN INDIVIDUAL,PENDIENTE,
MED-0326,LABETALOL,0,PENDIENTE DE REVISIÓN INDIVIDUAL,PENDIENTE,
MED-0327,LACOSAMIDA,8,HABILITADO – ESPECIALISTA/MONITORIZACIÓN,ESPECIALISTA/MONITORIZACIÓN,Crisis focales – Inicio | Crisis focales – Mantenimiento | Crisis focales – inicio | Crisis focales – mantenimiento adyuvante
MED-0328,LAMIVUDINA,0,PENDIENTE DE REVISIÓN INDIVIDUAL,PENDIENTE,
MED-0329,LAMOTRIGINA,0,PENDIENTE DE REVISIÓN INDIVIDUAL,PENDIENTE,
MED-0330,LANATOSIDO C,0,PENDIENTE DE REVISIÓN INDIVIDUAL,PENDIENTE,
MED-0331,LANSOPRAZOL,4,HABILITADO,GENERAL,ERGE no erosivo | ERGE sintomático / esofagitis erosiva | Esofagitis erosiva
MED-0332,LAPATINIB,0,PENDIENTE DE REVISIÓN INDIVIDUAL,PENDIENTE,
MED-0333,LAROTRECTINIB,0,PENDIENTE DE REVISIÓN INDIVIDUAL,PENDIENTE,
MED-0334,LEFLUNOMIDA,0,PENDIENTE DE REVISIÓN INDIVIDUAL,PENDIENTE,
MED-0335,LENALIDOMIDA,0,PENDIENTE DE REVISIÓN INDIVIDUAL,PENDIENTE,
MED-0336,LENVATINIB,0,PENDIENTE DE REVISIÓN INDIVIDUAL,PENDIENTE,
MED-0337,LETERMOVIR,0,PENDIENTE DE REVISIÓN INDIVIDUAL,PENDIENTE,
MED-0338,LETROZOL,0,PENDIENTE DE REVISIÓN INDIVIDUAL,PENDIENTE,
MED-0339,LEVETIRACETAM,1,HABILITADO,GENERAL,Convulsión aguda – segunda línea
MED-0340,LEVOCETIRICINA,4,HABILITADO,GENERAL,Rinitis alérgica perenne | Urticaria crónica idiopática
MED-0341,LEVODOPA,0,PENDIENTE DE REVISIÓN INDIVIDUAL,PENDIENTE,
MED-0342,LEVOFLOXACINA,2,HABILITADO,GENERAL,Infecciones susceptibles
MED-0343,LEVOMEPROMAZINA,0,PENDIENTE DE REVISIÓN INDIVIDUAL,PENDIENTE,
MED-0344,LEVONORGESTREL,0,PENDIENTE DE REVISIÓN INDIVIDUAL,PENDIENTE,
MED-0345,LEVOPANTOPRAZOL,0,PENDIENTE DE REVISIÓN INDIVIDUAL,PENDIENTE,
MED-0346,LEVOSULPIRIDA,0,PENDIENTE DE REVISIÓN INDIVIDUAL,PENDIENTE,
MED-0347,LEVOTIROXINA,7,HABILITADO – ESPECIALISTA/MONITORIZACIÓN,ESPECIALISTA/MONITORIZACIÓN,Hipotiroidismo – reemplazo inicial | Hipotiroidismo – reemplazo; crecimiento/pub pubertad completos | Hipotiroidismo – reemplazo; crecimiento/pub pubertad incompletos
MED-0348,LINAGLIPTINA,0,PENDIENTE DE REVISIÓN INDIVIDUAL,PENDIENTE,
MED-0349,LINEZOLID,2,HABILITADO – ESPECIALISTA/MONITORIZACIÓN,ESPECIALISTA/MONITORIZACIÓN,Infección por Gram positivos susceptible – tratamiento sistémico
MED-0350,LISINOPRIL,0,PENDIENTE DE REVISIÓN INDIVIDUAL,PENDIENTE,
MED-0351,LOFEPRAMINA,0,PENDIENTE DE REVISIÓN INDIVIDUAL,PENDIENTE,
MED-0352,LOMITAPIDA,0,PENDIENTE DE REVISIÓN INDIVIDUAL,PENDIENTE,
MED-0353,LOPERAMIDA CLORHIDRATO,0,PENDIENTE DE REVISIÓN INDIVIDUAL,PENDIENTE,
MED-0354,LOPINAVIR,0,PENDIENTE DE REVISIÓN INDIVIDUAL,PENDIENTE,
MED-0355,LORATADINA,3,HABILITADO,GENERAL,Reacción alérgica leve-moderada
MED-0356,LORAZEPAM,0,PENDIENTE DE REVISIÓN INDIVIDUAL,PENDIENTE,
MED-0357,LOSARTAN,1,HABILITADO – ESPECIALISTA/MONITORIZACIÓN,MONITORIZACIÓN,Hipertensión arterial – inicio
MED-0358,LOVASTATINA,0,PENDIENTE DE REVISIÓN INDIVIDUAL,PENDIENTE,
MED-0359,LOXOPROFEN,0,PENDIENTE DE REVISIÓN INDIVIDUAL,PENDIENTE,
MED-0360,LUBIPROSTONE,0,PENDIENTE DE REVISIÓN INDIVIDUAL,PENDIENTE,
MED-0361,LUMEFANTRINA,0,PENDIENTE DE REVISIÓN INDIVIDUAL,PENDIENTE,
MED-0362,LURASIDONA CLORHIDRATO,0,PENDIENTE DE REVISIÓN INDIVIDUAL,PENDIENTE,
MED-0363,MACITENTAN,0,PENDIENTE DE REVISIÓN INDIVIDUAL,PENDIENTE,
MED-0364,MARAVIROC,0,PENDIENTE DE REVISIÓN INDIVIDUAL,PENDIENTE,
MED-0365,MEBENDAZOL,0,PENDIENTE DE REVISIÓN INDIVIDUAL,PENDIENTE,
MED-0366,MEBEVERINA,0,PENDIENTE DE REVISIÓN INDIVIDUAL,PENDIENTE,
MED-0367,MECLIZINA,0,PENDIENTE DE REVISIÓN INDIVIDUAL,PENDIENTE,
MED-0368,MEDROXIPROGESTERONA,0,PENDIENTE DE REVISIÓN INDIVIDUAL,PENDIENTE,
MED-0369,MELATONINA,0,PENDIENTE DE REVISIÓN INDIVIDUAL,PENDIENTE,
MED-0370,MELFALAN,0,PENDIENTE DE REVISIÓN INDIVIDUAL,PENDIENTE,
MED-0371,MELOXICAM,0,PENDIENTE DE REVISIÓN INDIVIDUAL,PENDIENTE,
MED-0372,MEMANTINA CLORHIDRATO,0,PENDIENTE DE REVISIÓN INDIVIDUAL,PENDIENTE,
MED-0373,MERCAPTOPURINA,0,PENDIENTE DE REVISIÓN INDIVIDUAL,PENDIENTE,
MED-0374,MESALAZINA,0,PENDIENTE DE REVISIÓN INDIVIDUAL,PENDIENTE,
MED-0375,METADONA CLORHIDRATO,0,PENDIENTE DE REVISIÓN INDIVIDUAL,PENDIENTE,
MED-0376,METADOXINA,0,PENDIENTE DE REVISIÓN INDIVIDUAL,PENDIENTE,
MED-0377,METFORMINA,1,HABILITADO,GENERAL,Diabetes mellitus tipo 2 – inicio
MED-0378,METILDOPA,0,PENDIENTE DE REVISIÓN INDIVIDUAL,PENDIENTE,
MED-0379,METILFENIDATO CLORHIDRATO,1,HABILITADO – ESPECIALISTA/MONITORIZACIÓN,ESPECIALISTA/MONITORIZACIÓN,"TDAH – formulación inmediata, inicio"
MED-0380,METILPREDNISOLONA,0,PENDIENTE DE REVISIÓN INDIVIDUAL,PENDIENTE,
MED-0381,METILSULFONILMETANO (MSM),0,PENDIENTE DE REVISIÓN INDIVIDUAL,PENDIENTE,
MED-0382,METIMAZOL,2,HABILITADO – ESPECIALISTA/MONITORIZACIÓN,ESPECIALISTA/MONITORIZACIÓN,Hipertiroidismo – dosis inicial | Hipertiroidismo – mantenimiento aproximado
MED-0383,METISOPRINOL,0,PENDIENTE DE REVISIÓN INDIVIDUAL,PENDIENTE,
MED-0384,METOCARBAMOL,0,PENDIENTE DE REVISIÓN INDIVIDUAL,PENDIENTE,
MED-0385,METOCLOPRAMIDA,0,PENDIENTE DE REVISIÓN INDIVIDUAL,PENDIENTE,
MED-0386,METOPROLOL,0,PENDIENTE DE REVISIÓN INDIVIDUAL,PENDIENTE,
MED-0387,METOTREXATO,0,PENDIENTE DE REVISIÓN INDIVIDUAL,PENDIENTE,
MED-0388,METOXALEM,0,PENDIENTE DE REVISIÓN INDIVIDUAL,PENDIENTE,
MED-0389,METRONIDAZOL,2,HABILITADO,GENERAL,Apendicitis | Infección habitual
MED-0390,MEXAZOLAM,0,PENDIENTE DE REVISIÓN INDIVIDUAL,PENDIENTE,
MED-0391,MICOFENOLATO DE MOFETILO,0,PENDIENTE DE REVISIÓN INDIVIDUAL,PENDIENTE,
MED-0392,MIDAZOLAM,2,HABILITADO,GENERAL,Convulsión aguda – primera línea
MED-0393,MIDODRINA CLORHIDRATO,0,PENDIENTE DE REVISIÓN INDIVIDUAL,PENDIENTE,
MED-0394,MIDOSTAURINA,0,PENDIENTE DE REVISIÓN INDIVIDUAL,PENDIENTE,
MED-0395,MIFEPRISTONA,0,PENDIENTE DE REVISIÓN INDIVIDUAL,PENDIENTE,
MED-0396,MIGALASTAT CLORHIDRATO,0,PENDIENTE DE REVISIÓN INDIVIDUAL,PENDIENTE,
MED-0397,MILRINONA,0,PENDIENTE DE REVISIÓN INDIVIDUAL,PENDIENTE,
MED-0398,MILTEFOSINA,0,PENDIENTE DE REVISIÓN INDIVIDUAL,PENDIENTE,
MED-0399,MINOCICLINA,0,PENDIENTE DE REVISIÓN INDIVIDUAL,PENDIENTE,
MED-0400,MINOXIDIL,0,PENDIENTE DE REVISIÓN INDIVIDUAL,PENDIENTE,
MED-0401,MIRABEGRON,0,PENDIENTE DE REVISIÓN INDIVIDUAL,PENDIENTE,
MED-0402,MIRTAZAPINA,0,PENDIENTE DE REVISIÓN INDIVIDUAL,PENDIENTE,
MED-0403,MISOPROSTOL,0,PENDIENTE DE REVISIÓN INDIVIDUAL,PENDIENTE,
MED-0404,MITOTANO,0,PENDIENTE DE REVISIÓN INDIVIDUAL,PENDIENTE,
MED-0405,MODAFINIL,0,PENDIENTE DE REVISIÓN INDIVIDUAL,PENDIENTE,
MED-0406,MOLIBDENO,0,PENDIENTE DE REVISIÓN INDIVIDUAL,PENDIENTE,
MED-0407,MOLNUPIRAVIR,0,PENDIENTE DE REVISIÓN INDIVIDUAL,PENDIENTE,
MED-0408,MOMETASONA,0,PENDIENTE DE REVISIÓN INDIVIDUAL,PENDIENTE,
MED-0409,MONOACETATO DE L-LISINA,0,PENDIENTE DE REVISIÓN INDIVIDUAL,PENDIENTE,
MED-0410,MONTELUKAST,4,HABILITADO – ESPECIALISTA/MONITORIZACIÓN,MONITORIZACIÓN,Asma – mantenimiento
MED-0411,MOSAPRIDA CITRATO,0,PENDIENTE DE REVISIÓN INDIVIDUAL,PENDIENTE,
MED-0412,MOXIFLOXACINA,0,PENDIENTE DE REVISIÓN INDIVIDUAL,PENDIENTE,
MED-0413,N-ACETILCISTEINA,0,PENDIENTE DE REVISIÓN INDIVIDUAL,PENDIENTE,
MED-0414,NAPROXENO,1,HABILITADO – ESPECIALISTA/MONITORIZACIÓN,MONITORIZACIÓN,Artritis idiopática juvenil poliarticular
MED-0415,NEBIVOLOL,0,PENDIENTE DE REVISIÓN INDIVIDUAL,PENDIENTE,
MED-0416,NEOMICINA,0,PENDIENTE DE REVISIÓN INDIVIDUAL,PENDIENTE,
MED-0417,NERATINIIB,0,PENDIENTE DE REVISIÓN INDIVIDUAL,PENDIENTE,
MED-0418,NEVIRAPINA,0,PENDIENTE DE REVISIÓN INDIVIDUAL,PENDIENTE,
MED-0419,NICOTINAMIDA,0,PENDIENTE DE REVISIÓN INDIVIDUAL,PENDIENTE,
MED-0420,NIFEDIPINO,0,PENDIENTE DE REVISIÓN INDIVIDUAL,PENDIENTE,
MED-0421,NIFUROXAZIDA,0,PENDIENTE DE REVISIÓN INDIVIDUAL,PENDIENTE,
MED-0422,NILOTINIB,0,PENDIENTE DE REVISIÓN INDIVIDUAL,PENDIENTE,
MED-0423,NIMESULIDA,0,PENDIENTE DE REVISIÓN INDIVIDUAL,PENDIENTE,
MED-0424,NIMODIPINO,0,PENDIENTE DE REVISIÓN INDIVIDUAL,PENDIENTE,
MED-0425,NINTEDANIB,0,PENDIENTE DE REVISIÓN INDIVIDUAL,PENDIENTE,
MED-0426,NIRAPARIB,0,PENDIENTE DE REVISIÓN INDIVIDUAL,PENDIENTE,
MED-0427,NISTATINA,3,HABILITADO,GENERAL | MONITORIZACIÓN,Candidiasis oral | Candidiasis oral – prematuro/bajo peso (evidencia limitada)
MED-0428,NITAZOXANIDA,0,PENDIENTE DE REVISIÓN INDIVIDUAL,PENDIENTE,
MED-0429,NITISINONA,0,PENDIENTE DE REVISIÓN INDIVIDUAL,PENDIENTE,
MED-0430,NITROFURANTOINA,1,HABILITADO,GENERAL,ITU
MED-0431,NORETISTERONA ACETATO,0,PENDIENTE DE REVISIÓN INDIVIDUAL,PENDIENTE,
MED-0432,NORFLOXACINA,0,PENDIENTE DE REVISIÓN INDIVIDUAL,PENDIENTE,
MED-0433,NORTRIPTILINA,0,PENDIENTE DE REVISIÓN INDIVIDUAL,PENDIENTE,
MED-0434,OLANZAPINA,4,HABILITADO – ESPECIALISTA/MONITORIZACIÓN,ESPECIALISTA/MONITORIZACIÓN,Esquizofrenia – inicio | Esquizofrenia – objetivo | Manía bipolar I – inicio | Manía bipolar I – objetivo
MED-0435,OLAPARIB,0,PENDIENTE DE REVISIÓN INDIVIDUAL,PENDIENTE,
MED-0436,OLMESARTAN,0,PENDIENTE DE REVISIÓN INDIVIDUAL,PENDIENTE,
MED-0437,OMEPRAZOL,12,HABILITADO,GENERAL,ERGE sintomático | Esofagitis erosiva por ERGE | Esofagitis erosiva por ERGE – lactante | Mantenimiento de cicatrización de esofagitis erosiva
MED-0438,ONDANSETRON,4,HABILITADO,GENERAL,Dosis posterior si se requiere | Gastroenteritis con vómitos persistentes para facilitar hidratación
MED-0439,ORLISTAT,0,PENDIENTE DE REVISIÓN INDIVIDUAL,PENDIENTE,
MED-0440,OSELTAMIVIR,11,HABILITADO,GENERAL,Profilaxis postexposición | Tratamiento influenza
MED-0441,OSIMERTINIB,0,PENDIENTE DE REVISIÓN INDIVIDUAL,PENDIENTE,
MED-0442,OTILONIO,0,PENDIENTE DE REVISIÓN INDIVIDUAL,PENDIENTE,
MED-0443,OXAPROZINA,0,PENDIENTE DE REVISIÓN INDIVIDUAL,PENDIENTE,
MED-0444,OXCARBAZEPINA,5,HABILITADO – ESPECIALISTA/MONITORIZACIÓN,ESPECIALISTA/MONITORIZACIÓN,Crisis focales – inicio adyuvante | Crisis focales – objetivo mantenimiento adyuvante
MED-0445,OXIBUTINA,0,PENDIENTE DE REVISIÓN INDIVIDUAL,PENDIENTE,
MED-0446,OXICODONA CLORHIDRATO,0,PENDIENTE DE REVISIÓN INDIVIDUAL,PENDIENTE,
MED-0447,OXIPURINA,0,PENDIENTE DE REVISIÓN INDIVIDUAL,PENDIENTE,
MED-0448,PALBOCICLIB,0,PENDIENTE DE REVISIÓN INDIVIDUAL,PENDIENTE,
MED-0449,PALIPERIDONA,0,PENDIENTE DE REVISIÓN INDIVIDUAL,PENDIENTE,
MED-0450,PAMOATO DE OXANTEL,0,PENDIENTE DE REVISIÓN INDIVIDUAL,PENDIENTE,
MED-0451,PANCREATINA,3,HABILITADO – ESPECIALISTA/MONITORIZACIÓN,MONITORIZACIÓN,Insuficiencia pancreática exocrina – dosis inicial por comida | Insuficiencia pancreática exocrina – por alimentación
MED-0452,PANTOPRAZOL,0,PENDIENTE DE REVISIÓN INDIVIDUAL,PENDIENTE,
MED-0453,PANTOTENATO DE CALCIO,0,PENDIENTE DE REVISIÓN INDIVIDUAL,PENDIENTE,
MED-0454,PARACETAMOL,4,HABILITADO,GENERAL,Dolor/fiebre – vía IV | Dolor/fiebre – vía oral
MED-0455,PARGEVERINA,0,PENDIENTE DE REVISIÓN INDIVIDUAL,PENDIENTE,
MED-0456,PARICALCITOL,0,PENDIENTE DE REVISIÓN INDIVIDUAL,PENDIENTE,
MED-0457,PAROXETINA,0,PENDIENTE DE REVISIÓN INDIVIDUAL,PENDIENTE,
MED-0458,PENTOSAN POLISULFATO DE SODIO,0,PENDIENTE DE REVISIÓN INDIVIDUAL,PENDIENTE,
MED-0459,PENTOXIFILINA,0,PENDIENTE DE REVISIÓN INDIVIDUAL,PENDIENTE,
MED-0460,PERINDOPRIL,0,PENDIENTE DE REVISIÓN INDIVIDUAL,PENDIENTE,
MED-0461,PICOSULFATO SODICO,0,PENDIENTE DE REVISIÓN INDIVIDUAL,PENDIENTE,
MED-0462,PIDOTIMOD,0,PENDIENTE DE REVISIÓN INDIVIDUAL,PENDIENTE,
MED-0463,PILOCARPINA CLORHIDRATO,0,PENDIENTE DE REVISIÓN INDIVIDUAL,PENDIENTE,
MED-0464,PINAVERIO,0,PENDIENTE DE REVISIÓN INDIVIDUAL,PENDIENTE,
MED-0465,PIRACETAM,0,PENDIENTE DE REVISIÓN INDIVIDUAL,PENDIENTE,
MED-0466,PIRANTEL,0,PENDIENTE DE REVISIÓN INDIVIDUAL,PENDIENTE,
MED-0467,PIRAZINAMIDA,0,PENDIENTE DE REVISIÓN INDIVIDUAL,PENDIENTE,
MED-0468,PIRIDOSTIGMINA,0,PENDIENTE DE REVISIÓN INDIVIDUAL,PENDIENTE,
MED-0469,PIRIDOXINA CLOHIDRATO,1,HABILITADO,GENERAL,Convulsión refractaria – considerar deficiencia dependiente de piridoxina
MED-0470,PIRIMETAMINA,0,PENDIENTE DE REVISIÓN INDIVIDUAL,PENDIENTE,
MED-0471,PIRITINOL,0,PENDIENTE DE REVISIÓN INDIVIDUAL,PENDIENTE,
MED-0472,PIROXICAM,0,PENDIENTE DE REVISIÓN INDIVIDUAL,PENDIENTE,
MED-0473,POLIMIXINA B SULFATO,0,PENDIENTE DE REVISIÓN INDIVIDUAL,PENDIENTE,
MED-0474,POMALIDOMIDA,0,PENDIENTE DE REVISIÓN INDIVIDUAL,PENDIENTE,
MED-0475,POSACONAZOL,0,PENDIENTE DE REVISIÓN INDIVIDUAL,PENDIENTE,
MED-0476,PRAMIPEXOL,0,PENDIENTE DE REVISIÓN INDIVIDUAL,PENDIENTE,
MED-0477,PRAVASTATINA SODICA,0,PENDIENTE DE REVISIÓN INDIVIDUAL,PENDIENTE,
MED-0478,PRAZOSINA,0,PENDIENTE DE REVISIÓN INDIVIDUAL,PENDIENTE,
MED-0479,PREDNISOLONA,2,HABILITADO,GENERAL,Croup leve-moderado | Urticaria aguda grave refractaria a antihistamínico
MED-0480,PREDNISONA,0,PENDIENTE DE REVISIÓN INDIVIDUAL,PENDIENTE,
MED-0481,PRIMAQUINA,0,PENDIENTE DE REVISIÓN INDIVIDUAL,PENDIENTE,
MED-0482,PRIMIDONA,0,PENDIENTE DE REVISIÓN INDIVIDUAL,PENDIENTE,
MED-0483,PROGESTERONA,0,PENDIENTE DE REVISIÓN INDIVIDUAL,PENDIENTE,
MED-0484,PROPAFENONA CLORHIDRATO,0,PENDIENTE DE REVISIÓN INDIVIDUAL,PENDIENTE,
MED-0485,PROPANOLOL,3,HABILITADO – ESPECIALISTA/MONITORIZACIÓN,ESPECIALISTA/MONITORIZACIÓN,Hemangioma infantil proliferativo – semana 1 | Hemangioma infantil proliferativo – semana 2 | Hemangioma infantil proliferativo – semana 3+ mantenimiento
MED-0486,PROPILTIOURACILO,0,PENDIENTE DE REVISIÓN INDIVIDUAL,PENDIENTE,
MED-0487,PROPINOX CLORHIDRATO,0,PENDIENTE DE REVISIÓN INDIVIDUAL,PENDIENTE,
MED-0488,PROPIONATO DE FLUTICASONA,2,HABILITADO,GENERAL,Rinitis alérgica – dosis inicial intranasal | Rinitis alérgica – dosis máxima intranasal
MED-0489,PRUCALOPRIDA,0,PENDIENTE DE REVISIÓN INDIVIDUAL,PENDIENTE,
MED-0490,PSEUDOEFEDRINA CLORHIDRATO,0,PENDIENTE DE REVISIÓN INDIVIDUAL,PENDIENTE,
MED-0491,QUETIAPINA,4,HABILITADO – ESPECIALISTA/MONITORIZACIÓN,ESPECIALISTA/MONITORIZACIÓN,Esquizofrenia – inicio | Esquizofrenia – rango recomendado | Manía bipolar I – inicio | Manía bipolar I – rango recomendado
MED-0492,RALTEGRAVIR,0,PENDIENTE DE REVISIÓN INDIVIDUAL,PENDIENTE,
MED-0493,RANITIDINA,0,PENDIENTE DE REVISIÓN INDIVIDUAL,PENDIENTE,
MED-0494,RANOLAZINA,0,PENDIENTE DE REVISIÓN INDIVIDUAL,PENDIENTE,
MED-0495,RASAGILINA,0,PENDIENTE DE REVISIÓN INDIVIDUAL,PENDIENTE,
MED-0496,RETINOL (PALMITATO DE VITAMINA A),0,PENDIENTE DE REVISIÓN INDIVIDUAL,PENDIENTE,
MED-0497,RIBOCICLIB,0,PENDIENTE DE REVISIÓN INDIVIDUAL,PENDIENTE,
MED-0498,RIBOFLAVINA,0,PENDIENTE DE REVISIÓN INDIVIDUAL,PENDIENTE,
MED-0499,RIFAMPICINA,1,HABILITADO – ESPECIALISTA/MONITORIZACIÓN,ESPECIALISTA/MONITORIZACIÓN,Tuberculosis latente (LTBI)
MED-0500,RIFAXIMINA,0,PENDIENTE DE REVISIÓN INDIVIDUAL,PENDIENTE,
MED-0501,RILPIRIVINA,0,PENDIENTE DE REVISIÓN INDIVIDUAL,PENDIENTE,
MED-0502,RILUZOL,0,PENDIENTE DE REVISIÓN INDIVIDUAL,PENDIENTE,
MED-0503,RIOCIGUAT,0,PENDIENTE DE REVISIÓN INDIVIDUAL,PENDIENTE,
MED-0504,RISPERIDONA,5,HABILITADO – ESPECIALISTA/MONITORIZACIÓN,ESPECIALISTA/MONITORIZACIÓN,Esquizofrenia – inicio | Esquizofrenia – objetivo | Irritabilidad asociada a autismo – inicio | Manía bipolar – inicio
MED-0505,RITONAVIR,0,PENDIENTE DE REVISIÓN INDIVIDUAL,PENDIENTE,
MED-0506,RIVAROXABAN,0,PENDIENTE DE REVISIÓN INDIVIDUAL,PENDIENTE,
MED-0507,RIVASTIGMINA,0,PENDIENTE DE REVISIÓN INDIVIDUAL,PENDIENTE,
MED-0508,ROCIVERINA,0,PENDIENTE DE REVISIÓN INDIVIDUAL,PENDIENTE,
MED-0509,ROFLUMILAST,0,PENDIENTE DE REVISIÓN INDIVIDUAL,PENDIENTE,
MED-0510,ROSUVASTATINA,0,PENDIENTE DE REVISIÓN INDIVIDUAL,PENDIENTE,
MED-0511,RUFINAMIDA,0,PENDIENTE DE REVISIÓN INDIVIDUAL,PENDIENTE,
MED-0512,RUPATADINA,0,PENDIENTE DE REVISIÓN INDIVIDUAL,PENDIENTE,
MED-0513,RUTINA,0,PENDIENTE DE REVISIÓN INDIVIDUAL,PENDIENTE,
MED-0514,RUXOLITINIB,0,PENDIENTE DE REVISIÓN INDIVIDUAL,PENDIENTE,
MED-0515,SACUBITRIL VALSARTAN,0,PENDIENTE DE REVISIÓN INDIVIDUAL,PENDIENTE,
MED-0516,SAFINAMIDA,0,PENDIENTE DE REVISIÓN INDIVIDUAL,PENDIENTE,
MED-0517,SALMETEROL,0,PENDIENTE DE REVISIÓN INDIVIDUAL,PENDIENTE,
MED-0518,SECNIDAZOL,0,PENDIENTE DE REVISIÓN INDIVIDUAL,PENDIENTE,
MED-0519,SELEXIPAG,0,PENDIENTE DE REVISIÓN INDIVIDUAL,PENDIENTE,
MED-0520,SEMAGLUTIDA,0,PENDIENTE DE REVISIÓN INDIVIDUAL,PENDIENTE,
MED-0521,SERTRALINA,4,HABILITADO – ESPECIALISTA/MONITORIZACIÓN,ESPECIALISTA/MONITORIZACIÓN,TOC – inicio | TOC – rango terapéutico
MED-0522,SEVELAMER CLORHIDRATO,0,PENDIENTE DE REVISIÓN INDIVIDUAL,PENDIENTE,
MED-0523,SILDENAFILO,0,PENDIENTE DE REVISIÓN INDIVIDUAL,PENDIENTE,
MED-0524,SILIMARINA,0,PENDIENTE DE REVISIÓN INDIVIDUAL,PENDIENTE,
MED-0525,SILODOSINA,0,PENDIENTE DE REVISIÓN INDIVIDUAL,PENDIENTE,
MED-0526,SIMETICONA,0,PENDIENTE DE REVISIÓN INDIVIDUAL,PENDIENTE,
MED-0527,SIMVASTATINA,0,PENDIENTE DE REVISIÓN INDIVIDUAL,PENDIENTE,
MED-0528,SITAGLIPTINA,0,PENDIENTE DE REVISIÓN INDIVIDUAL,PENDIENTE,
MED-0529,SOFOSBUVIR,0,PENDIENTE DE REVISIÓN INDIVIDUAL,PENDIENTE,
MED-0530,SOLIFENACINA,0,PENDIENTE DE REVISIÓN INDIVIDUAL,PENDIENTE,
MED-0531,SOMATOTROPINA,0,PENDIENTE DE REVISIÓN INDIVIDUAL,PENDIENTE,
MED-0532,SORAFENIB,0,PENDIENTE DE REVISIÓN INDIVIDUAL,PENDIENTE,
MED-0533,SOTALOL,0,PENDIENTE DE REVISIÓN INDIVIDUAL,PENDIENTE,
MED-0534,SUBSALICILATO DE BISMUTO,0,PENDIENTE DE REVISIÓN INDIVIDUAL,PENDIENTE,
MED-0535,SUCRALFATO,0,PENDIENTE DE REVISIÓN INDIVIDUAL,PENDIENTE,
MED-0536,SULBUTIAMINA,0,PENDIENTE DE REVISIÓN INDIVIDUAL,PENDIENTE,
MED-0537,SULFADIAZINA,0,PENDIENTE DE REVISIÓN INDIVIDUAL,PENDIENTE,
MED-0538,SULFADOXINA,0,PENDIENTE DE REVISIÓN INDIVIDUAL,PENDIENTE,
MED-0539,SULFAMETIZOL,0,PENDIENTE DE REVISIÓN INDIVIDUAL,PENDIENTE,
MED-0540,SULFAMETOXAZOL,0,PENDIENTE DE REVISIÓN INDIVIDUAL,PENDIENTE,
MED-0541,SULFASALAZINA,0,PENDIENTE DE REVISIÓN INDIVIDUAL,PENDIENTE,
MED-0542,SULFATO DE MAGNESIO,1,HABILITADO – ESPECIALISTA/MONITORIZACIÓN,URGENCIA/ESPECIALISTA,Asma aguda grave / potencialmente mortal – IV
MED-0543,SULFATO DE MANGANESO,0,PENDIENTE DE REVISIÓN INDIVIDUAL,PENDIENTE,
MED-0544,SULFATO DE POTASIO,0,PENDIENTE DE REVISIÓN INDIVIDUAL,PENDIENTE,
MED-0545,SULFATO DE ZINC,0,PENDIENTE DE REVISIÓN INDIVIDUAL,PENDIENTE,
MED-0546,SULFATO FERROSO,2,HABILITADO,GENERAL | MONITORIZACIÓN,Prevención de deficiencia de hierro | Tratamiento de deficiencia de hierro / anemia ferropénica
MED-0547,SULPIRIDA,0,PENDIENTE DE REVISIÓN INDIVIDUAL,PENDIENTE,
MED-0548,SULTAMICILINA,0,PENDIENTE DE REVISIÓN INDIVIDUAL,PENDIENTE,
MED-0549,SUMATRIPTAN,0,PENDIENTE DE REVISIÓN INDIVIDUAL,PENDIENTE,
MED-0550,SUNITINIB,0,PENDIENTE DE REVISIÓN INDIVIDUAL,PENDIENTE,
MED-0551,SUVOREXANT,0,PENDIENTE DE REVISIÓN INDIVIDUAL,PENDIENTE,
MED-0552,TACROLIMUS,0,PENDIENTE DE REVISIÓN INDIVIDUAL,PENDIENTE,
MED-0553,TADALAFILO,0,PENDIENTE DE REVISIÓN INDIVIDUAL,PENDIENTE,
MED-0554,TALAZOPARIB,0,PENDIENTE DE REVISIÓN INDIVIDUAL,PENDIENTE,
MED-0555,TAMOXIFENO,0,PENDIENTE DE REVISIÓN INDIVIDUAL,PENDIENTE,
MED-0556,TAMSULOSINA CLORHIDRATO,0,PENDIENTE DE REVISIÓN INDIVIDUAL,PENDIENTE,
MED-0557,TAPENTADOL,0,PENDIENTE DE REVISIÓN INDIVIDUAL,PENDIENTE,
MED-0558,TELMISARTAN,0,PENDIENTE DE REVISIÓN INDIVIDUAL,PENDIENTE,
MED-0559,TEMOZOLAMIDA,0,PENDIENTE DE REVISIÓN INDIVIDUAL,PENDIENTE,
MED-0560,TENOFOVIR,0,PENDIENTE DE REVISIÓN INDIVIDUAL,PENDIENTE,
MED-0561,TEOFILINA ANHIDRA,0,PENDIENTE DE REVISIÓN INDIVIDUAL,PENDIENTE,
MED-0562,TERAZOSINA,0,PENDIENTE DE REVISIÓN INDIVIDUAL,PENDIENTE,
MED-0563,TERBINAFINA,0,PENDIENTE DE REVISIÓN INDIVIDUAL,PENDIENTE,
MED-0564,TERBUTALINA SULFATO,0,PENDIENTE DE REVISIÓN INDIVIDUAL,PENDIENTE,
MED-0565,TERIFLUNOMIDA,0,PENDIENTE DE REVISIÓN INDIVIDUAL,PENDIENTE,
MED-0566,TESTOSTERONA UNDECANOATO,0,PENDIENTE DE REVISIÓN INDIVIDUAL,PENDIENTE,
MED-0567,TETRABENAZINA,0,PENDIENTE DE REVISIÓN INDIVIDUAL,PENDIENTE,
MED-0568,TETRACICLINA,0,PENDIENTE DE REVISIÓN INDIVIDUAL,PENDIENTE,
MED-0569,TIAMINA CLORHIDRATO,0,PENDIENTE DE REVISIÓN INDIVIDUAL,PENDIENTE,
MED-0570,TIBOLONA,0,PENDIENTE DE REVISIÓN INDIVIDUAL,PENDIENTE,
MED-0571,TICAGRELOR,0,PENDIENTE DE REVISIÓN INDIVIDUAL,PENDIENTE,
MED-0572,TINIDAZOL,0,PENDIENTE DE REVISIÓN INDIVIDUAL,PENDIENTE,
MED-0573,TIOCOLCHICOSIDO,0,PENDIENTE DE REVISIÓN INDIVIDUAL,PENDIENTE,
MED-0574,TIOGUANINA,0,PENDIENTE DE REVISIÓN INDIVIDUAL,PENDIENTE,
MED-0575,TIOTROPIO,0,PENDIENTE DE REVISIÓN INDIVIDUAL,PENDIENTE,
MED-0576,TIROSINA,0,PENDIENTE DE REVISIÓN INDIVIDUAL,PENDIENTE,
MED-0577,TIZANIDINA,0,PENDIENTE DE REVISIÓN INDIVIDUAL,PENDIENTE,
MED-0578,TOFACITINIB,0,PENDIENTE DE REVISIÓN INDIVIDUAL,PENDIENTE,
MED-0579,TOLTERODINA L-TARTRATO,0,PENDIENTE DE REVISIÓN INDIVIDUAL,PENDIENTE,
MED-0580,TOPIRAMATO,2,HABILITADO – ESPECIALISTA/MONITORIZACIÓN,ESPECIALISTA/MONITORIZACIÓN,"Epilepsia – terapia adyuvante, mantenimiento | Prevención de migraña – objetivo"
MED-0581,TRAMADOL,0,PENDIENTE DE REVISIÓN INDIVIDUAL,PENDIENTE,
MED-0582,TRAMETINIB DIMETILSULFOXIDO,0,PENDIENTE DE REVISIÓN INDIVIDUAL,PENDIENTE,
MED-0583,TRANDOLAPRIL,0,PENDIENTE DE REVISIÓN INDIVIDUAL,PENDIENTE,
MED-0584,TRAZODONA,0,PENDIENTE DE REVISIÓN INDIVIDUAL,PENDIENTE,
MED-0585,TREONINA,0,PENDIENTE DE REVISIÓN INDIVIDUAL,PENDIENTE,
MED-0586,TRETINOINA,0,PENDIENTE DE REVISIÓN INDIVIDUAL,PENDIENTE,
MED-0587,TRIAZOLAM,0,PENDIENTE DE REVISIÓN INDIVIDUAL,PENDIENTE,
MED-0588,TRIENTINA CLORHIDARTO,0,PENDIENTE DE REVISIÓN INDIVIDUAL,PENDIENTE,
MED-0589,TRIFLUOPERAZINA,0,PENDIENTE DE REVISIÓN INDIVIDUAL,PENDIENTE,
MED-0590,TRIMEBUTINA,0,PENDIENTE DE REVISIÓN INDIVIDUAL,PENDIENTE,
MED-0591,TRIMETAZIDINA,0,PENDIENTE DE REVISIÓN INDIVIDUAL,PENDIENTE,
MED-0592,TRIMETOPRIM,0,PENDIENTE DE REVISIÓN INDIVIDUAL,PENDIENTE,
MED-0593,TRIMIPRAMINA,0,PENDIENTE DE REVISIÓN INDIVIDUAL,PENDIENTE,
MED-0594,TRIPTOFANO,0,PENDIENTE DE REVISIÓN INDIVIDUAL,PENDIENTE,
MED-0595,ULIPRISTAL,0,PENDIENTE DE REVISIÓN INDIVIDUAL,PENDIENTE,
MED-0596,UMECLIDINIO,0,PENDIENTE DE REVISIÓN INDIVIDUAL,PENDIENTE,
MED-0597,VALACICLOVIR,2,HABILITADO,GENERAL,Herpes labial – tratamiento de 1 día | Varicela – inmunocompetente
MED-0598,VALERATO DE ESTRADIOL,0,PENDIENTE DE REVISIÓN INDIVIDUAL,PENDIENTE,
MED-0599,VALGANCICLOVIR,0,PENDIENTE DE REVISIÓN INDIVIDUAL,PENDIENTE,
MED-0600,VALSARTAN,0,PENDIENTE DE REVISIÓN INDIVIDUAL,PENDIENTE,
MED-0601,VANCOMICINA,4,HABILITADO,GENERAL,Dosis inicial
MED-0602,VARDENAFIL,0,PENDIENTE DE REVISIÓN INDIVIDUAL,PENDIENTE,
MED-0603,VARENICLINA TARTRATO,0,PENDIENTE DE REVISIÓN INDIVIDUAL,PENDIENTE,
MED-0604,VELPATASVIR,0,PENDIENTE DE REVISIÓN INDIVIDUAL,PENDIENTE,
MED-0605,VENETOCLAX,0,PENDIENTE DE REVISIÓN INDIVIDUAL,PENDIENTE,
MED-0606,VENLAFAXINA,0,PENDIENTE DE REVISIÓN INDIVIDUAL,PENDIENTE,
MED-0607,VERAPAMILO,0,PENDIENTE DE REVISIÓN INDIVIDUAL,PENDIENTE,
MED-0608,VERICIGUAT,0,PENDIENTE DE REVISIÓN INDIVIDUAL,PENDIENTE,
MED-0609,VIGABATRINA,2,HABILITADO – ESPECIALISTA/MONITORIZACIÓN,ESPECIALISTA/MONITORIZACIÓN,Espasmos infantiles – dosis máxima | Espasmos infantiles – inicio
MED-0610,VILANTEROL,0,PENDIENTE DE REVISIÓN INDIVIDUAL,PENDIENTE,
MED-0611,VILDAGLIPTINA,0,PENDIENTE DE REVISIÓN INDIVIDUAL,PENDIENTE,
MED-0612,VORICONAZOL,2,HABILITADO,GENERAL,Dosis empírica inicial si PGx desconocido
MED-0613,VORTIOXETINA,0,PENDIENTE DE REVISIÓN INDIVIDUAL,PENDIENTE,
MED-0614,WARFARINA,0,PENDIENTE DE REVISIÓN INDIVIDUAL,PENDIENTE,
MED-0615,ZIDOVUDINA,0,PENDIENTE DE REVISIÓN INDIVIDUAL,PENDIENTE,
MED-0616,ZOFENOPRIL,0,PENDIENTE DE REVISIÓN INDIVIDUAL,PENDIENTE,
MED-0617,ZOLPIDEM,0,PENDIENTE DE REVISIÓN INDIVIDUAL,PENDIENTE,
MED-0618,ZOPLICONA,0,PENDIENTE DE REVISIÓN INDIVIDUAL,PENDIENTE,
