local_name,regulatory_name,verification_authority,verification_basis,status,source_url,reviewed_at
darifenacina,darifenacin,AEMPS/CIMA,multilingual_authorization,IDENTITY_VERIFIED_SOURCE_PENDING,,
metocarbamol,methocarbamol,AEMPS/CIMA,multilingual_authorization,IDENTITY_VERIFIED_SOURCE_PENDING,,
gabapentina,gabapentin,AEMPS/CIMA,multilingual_authorization,IDENTITY_VERIFIED_SOURCE_PENDING,,
isotretinoina,isotretinoin,AEMPS/CIMA,multilingual_authorization,IDENTITY_VERIFIED_SOURCE_PENDING,,
ciprofloxacina,ciprofloxacin,AEMPS/CIMA,multilingual_authorization,IDENTITY_VERIFIED_SOURCE_PENDING,,
itraconazol,itraconazole,AEMPS/CIMA,multilingual_authorization,IDENTITY_VERIFIED_SOURCE_PENDING,,
voriconazol,voriconazole,AEMPS/CIMA,multilingual_authorization,IDENTITY_VERIFIED_SOURCE_PENDING,,
cefadroxilo,cefadroxil,LEGACY_REVIEW,pre_registry_review,LEGACY_PROVENANCE_PENDING,,
acetazolamida,acetazolamide,LEGACY_REVIEW,pre_registry_review,LEGACY_PROVENANCE_PENDING,,
acetilcisteina,acetylcysteine,LEGACY_REVIEW,pre_registry_review,LEGACY_PROVENANCE_PENDING,,
acido acetil salicilico,aspirin,LEGACY_REVIEW,pre_registry_review,LEGACY_PROVENANCE_PENDING,,
acido ascorbico,ascorbic acid,LEGACY_REVIEW,pre_registry_review,LEGACY_PROVENANCE_PENDING,,
acido folico,folic acid,LEGACY_REVIEW,pre_registry_review,LEGACY_PROVENANCE_PENDING,,
acido mefenamico,mefenamic acid,LEGACY_REVIEW,pre_registry_review,LEGACY_PROVENANCE_PENDING,,
acido tranexamico,tranexamic acid,LEGACY_REVIEW,pre_registry_review,LEGACY_PROVENANCE_PENDING,,
albendazol,albendazole,LEGACY_REVIEW,pre_registry_review,LEGACY_PROVENANCE_PENDING,,
amiodarona,amiodarone,LEGACY_REVIEW,pre_registry_review,LEGACY_PROVENANCE_PENDING,,
amitriptilina,amitriptyline,LEGACY_REVIEW,pre_registry_review,LEGACY_PROVENANCE_PENDING,,
azatioprina,azathioprine,LEGACY_REVIEW,pre_registry_review,LEGACY_PROVENANCE_PENDING,,
benzocaina,benzocaine,LEGACY_REVIEW,pre_registry_review,LEGACY_PROVENANCE_PENDING,,
budesonida,budesonide,LEGACY_REVIEW,pre_registry_review,LEGACY_PROVENANCE_PENDING,,
capecitabina,capecitabine,LEGACY_REVIEW,pre_registry_review,LEGACY_PROVENANCE_PENDING,,
carbamazepina,carbamazepine,LEGACY_REVIEW,pre_registry_review,LEGACY_PROVENANCE_PENDING,,
cetirizina,cetirizine,LEGACY_REVIEW,pre_registry_review,LEGACY_PROVENANCE_PENDING,,
cianocobalamina,cyanocobalamin,LEGACY_REVIEW,pre_registry_review,LEGACY_PROVENANCE_PENDING,,
ciclofosfamida,cyclophosphamide,LEGACY_REVIEW,pre_registry_review,LEGACY_PROVENANCE_PENDING,,
clomifeno,clomiphene,LEGACY_REVIEW,pre_registry_review,LEGACY_PROVENANCE_PENDING,,
clomipramina,clomipramine,LEGACY_REVIEW,pre_registry_review,LEGACY_PROVENANCE_PENDING,,
clorambucilo,chlorambucil,LEGACY_REVIEW,pre_registry_review,LEGACY_PROVENANCE_PENDING,,
clorfenamina,chlorpheniramine,LEGACY_REVIEW,pre_registry_review,LEGACY_PROVENANCE_PENDING,,
