ref_id,med_id,catalogo_nombre,principio_activo,table,page,categoria,dosis_fr_normal,metodo,crcl_100_50,crcl_50_10,crcl_lt10,suplemento_hd,dosis_hfvvc,notas,fuente,url_fuente,fecha_fuente,estado,automatizable,imagen
FR001-T01-001,,,Amikacina,1,3,Antibacterianos 1,7.5 mg/kg/8 - 12 h,I,Cada 8 - 12 h,Cada 24 - 48 h,Cada 48 - 72 h,Dosis postdiálisis,Ccr=50 - 10 ml/min,,"García Montemayor V, Sanchez-Agesta Martínez M, Naranjo Muñoz J. Ajuste de Fármacos en la Enfermedad Renal Crónica. Nefrología al día. 2025.",https://nefrologiaaldia.org/articulo/ajuste-de-farmacos-en-la-enfermedad-renal-cronica/,2025-05-24,TRANSCRIPCION_VERIFICADA_IMAGEN,REFERENCIA_NO_PRESCRIPTIVA,renal_fuente_2025/tabla_01_pag_03.png
FR001-T01-002,,,Estreptomicina,1,3,Antibacterianos 1,15 mg/kg/24 h (Máx. 1 g),I,Cada 24 h,Cada 24 - 72 h,Cada 72 - 96 h,Dosis postdiálisis,Ccr=50 - 10 ml/min,,"García Montemayor V, Sanchez-Agesta Martínez M, Naranjo Muñoz J. Ajuste de Fármacos en la Enfermedad Renal Crónica. Nefrología al día. 2025.",https://nefrologiaaldia.org/articulo/ajuste-de-farmacos-en-la-enfermedad-renal-cronica/,2025-05-24,TRANSCRIPCION_VERIFICADA_IMAGEN,REFERENCIA_NO_PRESCRIPTIVA,renal_fuente_2025/tabla_01_pag_03.png
FR001-T01-003,,,Gentamicina,1,3,Antibacterianos 1,1.5 mg/kg/8 h,D e I,Cada 8 - 12 h,30 - 70%/12 - 24 h,20 - 30%/24 - 48 h,Dosis postdiálisis,Ccr=50 - 10 ml/min,,"García Montemayor V, Sanchez-Agesta Martínez M, Naranjo Muñoz J. Ajuste de Fármacos en la Enfermedad Renal Crónica. Nefrología al día. 2025.",https://nefrologiaaldia.org/articulo/ajuste-de-farmacos-en-la-enfermedad-renal-cronica/,2025-05-24,TRANSCRIPCION_VERIFICADA_IMAGEN,REFERENCIA_NO_PRESCRIPTIVA,renal_fuente_2025/tabla_01_pag_03.png
FR001-T01-004,,,Tobramicina,1,3,Antibacterianos 1,1.5 mg/kg/8 h,D e I,Cada 8 - 12 h,30 - 70%/12 - 24 h,20 - 30%/24 - 48 h,Dosis postdiálisis,Ccr=50 - 10 ml/min,,"García Montemayor V, Sanchez-Agesta Martínez M, Naranjo Muñoz J. Ajuste de Fármacos en la Enfermedad Renal Crónica. Nefrología al día. 2025.",https://nefrologiaaldia.org/articulo/ajuste-de-farmacos-en-la-enfermedad-renal-cronica/,2025-05-24,TRANSCRIPCION_VERIFICADA_IMAGEN,REFERENCIA_NO_PRESCRIPTIVA,renal_fuente_2025/tabla_01_pag_03.png
FR001-T01-005,,,Ertapenem,1,3,Antibacterianos 1,1 g/24 h,D,100%,100%,50%,Dosis postdiálisis,,,"García Montemayor V, Sanchez-Agesta Martínez M, Naranjo Muñoz J. Ajuste de Fármacos en la Enfermedad Renal Crónica. Nefrología al día. 2025.",https://nefrologiaaldia.org/articulo/ajuste-de-farmacos-en-la-enfermedad-renal-cronica/,2025-05-24,TRANSCRIPCION_VERIFICADA_IMAGEN,REFERENCIA_NO_PRESCRIPTIVA,renal_fuente_2025/tabla_01_pag_03.png
FR001-T01-006,,,Imipenem,1,3,Antibacterianos 1,250 mg - 1 g/6 h (Máx. 4 g/día),D e I,100%,50%,25%,Dosis postdiálisis,Ccr=50 - 10 ml/min,,"García Montemayor V, Sanchez-Agesta Martínez M, Naranjo Muñoz J. Ajuste de Fármacos en la Enfermedad Renal Crónica. Nefrología al día. 2025.",https://nefrologiaaldia.org/articulo/ajuste-de-farmacos-en-la-enfermedad-renal-cronica/,2025-05-24,TRANSCRIPCION_VERIFICADA_IMAGEN,REFERENCIA_NO_PRESCRIPTIVA,renal_fuente_2025/tabla_01_pag_03.png
FR001-T01-007,,,Meropenem,1,3,Antibacterianos 1,1 - 2 g/8 h,D e I,100%,50%/12 h,50%/24 h,Dosis postdiálisis,Ccr=50 - 10 ml/min,,"García Montemayor V, Sanchez-Agesta Martínez M, Naranjo Muñoz J. Ajuste de Fármacos en la Enfermedad Renal Crónica. Nefrología al día. 2025.",https://nefrologiaaldia.org/articulo/ajuste-de-farmacos-en-la-enfermedad-renal-cronica/,2025-05-24,TRANSCRIPCION_VERIFICADA_IMAGEN,REFERENCIA_NO_PRESCRIPTIVA,renal_fuente_2025/tabla_01_pag_03.png
FR001-T01-008,,,Cefazolina,1,3,Antibacterianos 1,500 mg - 1 g/8 h (Máx. 2 g/8 h),I,Cada 8 h,Cada 8 - 12 h,Cada 18 - 24 h,Dosis postdiálisis,Ccr=50 - 10 ml/min,,"García Montemayor V, Sanchez-Agesta Martínez M, Naranjo Muñoz J. Ajuste de Fármacos en la Enfermedad Renal Crónica. Nefrología al día. 2025.",https://nefrologiaaldia.org/articulo/ajuste-de-farmacos-en-la-enfermedad-renal-cronica/,2025-05-24,TRANSCRIPCION_VERIFICADA_IMAGEN,REFERENCIA_NO_PRESCRIPTIVA,renal_fuente_2025/tabla_01_pag_03.png
FR001-T01-009,,,Cefepima,1,3,Antibacterianos 1,1 - 2 g/12 h,D e I,1 - 2 g/12 h,500 mg - 2 g/24 h,250 - 500 mg/24 h,Dosis postdiálisis,Ccr=50 - 10 ml/min,,"García Montemayor V, Sanchez-Agesta Martínez M, Naranjo Muñoz J. Ajuste de Fármacos en la Enfermedad Renal Crónica. Nefrología al día. 2025.",https://nefrologiaaldia.org/articulo/ajuste-de-farmacos-en-la-enfermedad-renal-cronica/,2025-05-24,TRANSCRIPCION_VERIFICADA_IMAGEN,REFERENCIA_NO_PRESCRIPTIVA,renal_fuente_2025/tabla_01_pag_03.png
FR001-T01-010,,,Cefixima,1,3,Antibacterianos 1,200 mg/12 h,D,100%,75%,50%,,,,"García Montemayor V, Sanchez-Agesta Martínez M, Naranjo Muñoz J. Ajuste de Fármacos en la Enfermedad Renal Crónica. Nefrología al día. 2025.",https://nefrologiaaldia.org/articulo/ajuste-de-farmacos-en-la-enfermedad-renal-cronica/,2025-05-24,TRANSCRIPCION_VERIFICADA_IMAGEN,REFERENCIA_NO_PRESCRIPTIVA,renal_fuente_2025/tabla_01_pag_03.png
FR001-T01-011,,,Cefotaxima,1,3,Antibacterianos 1,1 - 2 g/6 - 12 h,I,Cada 6 h,Cada 6 - 12 h,Cada 24 h o 50%,Extra 1 g postdiálisis,Ccr=50 - 10 ml/min,,"García Montemayor V, Sanchez-Agesta Martínez M, Naranjo Muñoz J. Ajuste de Fármacos en la Enfermedad Renal Crónica. Nefrología al día. 2025.",https://nefrologiaaldia.org/articulo/ajuste-de-farmacos-en-la-enfermedad-renal-cronica/,2025-05-24,TRANSCRIPCION_VERIFICADA_IMAGEN,REFERENCIA_NO_PRESCRIPTIVA,renal_fuente_2025/tabla_01_pag_03.png
FR001-T01-012,,,Cefoxitina,1,3,Antibacterianos 1,1 - 2 g/6 - 8 h,I,Cada 6 - 8 h,Cada 12 - 24 h,Cada 24 - 48 h,Extra 1 g postdiálisis,Ccr=50 - 10 ml/min,,"García Montemayor V, Sanchez-Agesta Martínez M, Naranjo Muñoz J. Ajuste de Fármacos en la Enfermedad Renal Crónica. Nefrología al día. 2025.",https://nefrologiaaldia.org/articulo/ajuste-de-farmacos-en-la-enfermedad-renal-cronica/,2025-05-24,TRANSCRIPCION_VERIFICADA_IMAGEN,REFERENCIA_NO_PRESCRIPTIVA,renal_fuente_2025/tabla_01_pag_03.png
FR001-T01-013,,,Ceftazidima,1,3,Antibacterianos 1,1 - 2 g/8 - 12 h,I,Cada 8 - 12 h,Cada 12 - 24 h,Cada 24 - 48 h,Extra 1 g postdiálisis,Ccr=50 - 10 ml/min,,"García Montemayor V, Sanchez-Agesta Martínez M, Naranjo Muñoz J. Ajuste de Fármacos en la Enfermedad Renal Crónica. Nefrología al día. 2025.",https://nefrologiaaldia.org/articulo/ajuste-de-farmacos-en-la-enfermedad-renal-cronica/,2025-05-24,TRANSCRIPCION_VERIFICADA_IMAGEN,REFERENCIA_NO_PRESCRIPTIVA,renal_fuente_2025/tabla_01_pag_03.png
FR001-T01-014,,,Ceftriaxona,1,3,Antibacterianos 1,1 - 2 g/24 h,No,100%,100%,100%,Dosis postdiálisis,,,"García Montemayor V, Sanchez-Agesta Martínez M, Naranjo Muñoz J. Ajuste de Fármacos en la Enfermedad Renal Crónica. Nefrología al día. 2025.",https://nefrologiaaldia.org/articulo/ajuste-de-farmacos-en-la-enfermedad-renal-cronica/,2025-05-24,TRANSCRIPCION_VERIFICADA_IMAGEN,REFERENCIA_NO_PRESCRIPTIVA,renal_fuente_2025/tabla_01_pag_03.png
FR001-T01-015,MED-0115,CEFUROXIMA,Cefuroxima,1,3,Antibacterianos 1,0.75 - 1.5 g/8 h,I,Cada 8 h,Cada 8 - 12 h,Cada 24 h,Dosis postdiálisis,,,"García Montemayor V, Sanchez-Agesta Martínez M, Naranjo Muñoz J. Ajuste de Fármacos en la Enfermedad Renal Crónica. Nefrología al día. 2025.",https://nefrologiaaldia.org/articulo/ajuste-de-farmacos-en-la-enfermedad-renal-cronica/,2025-05-24,TRANSCRIPCION_VERIFICADA_IMAGEN,REFERENCIA_NO_PRESCRIPTIVA,renal_fuente_2025/tabla_01_pag_03.png
FR001-T01-016,,,Ceftazidima - Avibactam,1,3,Antibacterianos 1,2/0.5 g/8 horas,D e I,100%,Si CCr 50-31 ml/min 1/0.25 g/8 horas. Si CCr 30-16 ml/min 0.75/0.1875 g/12 horas,Si CCr 15-10 ml/min 0.75/0.875 g/12 horas. Si CCr<10 ml/min 0.75/0.875 g/24 h,0.75/0.875 g/48 h,,,"García Montemayor V, Sanchez-Agesta Martínez M, Naranjo Muñoz J. Ajuste de Fármacos en la Enfermedad Renal Crónica. Nefrología al día. 2025.",https://nefrologiaaldia.org/articulo/ajuste-de-farmacos-en-la-enfermedad-renal-cronica/,2025-05-24,TRANSCRIPCION_VERIFICADA_IMAGEN,REFERENCIA_NO_PRESCRIPTIVA,renal_fuente_2025/tabla_01_pag_03.png
FR001-T01-017,,,Ceftolozano - Tazobactam,1,3,Antibacterianos 1,1/0.5 g/8 horas,D,100%,Si CCr 50-30 ml/min 1 g-500 mg/500 mg-250 mg /8 h. Si CCr 29-15 ml/min 500 mg-250 mg/250 mg-125 mg/8 h,500 mg-250 mg/250 mg-125 mg/8 h,Dosis carga 1.5 g-500 mg/750-250 mg/8 h. Dosis mantenimiento 100-300/50-150 mg/8 h,,,"García Montemayor V, Sanchez-Agesta Martínez M, Naranjo Muñoz J. Ajuste de Fármacos en la Enfermedad Renal Crónica. Nefrología al día. 2025.",https://nefrologiaaldia.org/articulo/ajuste-de-farmacos-en-la-enfermedad-renal-cronica/,2025-05-24,TRANSCRIPCION_VERIFICADA_IMAGEN,REFERENCIA_NO_PRESCRIPTIVA,renal_fuente_2025/tabla_01_pag_03.png
FR001-T02-001,MED-0129,CIPROFLOXACINA,Ciprofloxacino,2,3,Antibacterianos 2,500 - 750 mg/12 h,D,100%,50 - 75%,50%,Dosis postdiálisis,,,"García Montemayor V, Sanchez-Agesta Martínez M, Naranjo Muñoz J. Ajuste de Fármacos en la Enfermedad Renal Crónica. Nefrología al día. 2025.",https://nefrologiaaldia.org/articulo/ajuste-de-farmacos-en-la-enfermedad-renal-cronica/,2025-05-24,TRANSCRIPCION_VERIFICADA_IMAGEN,REFERENCIA_NO_PRESCRIPTIVA,renal_fuente_2025/tabla_02_pag_03.png
FR001-T02-002,MED-0178,DELAFLOXACINO,Delafloxacino,2,3,Antibacterianos 2,300 mg/12 h,D,100%,100%. Si Ccr<30 ml/min 200 mg/12 h,No recomendado,No recomendado,,,"García Montemayor V, Sanchez-Agesta Martínez M, Naranjo Muñoz J. Ajuste de Fármacos en la Enfermedad Renal Crónica. Nefrología al día. 2025.",https://nefrologiaaldia.org/articulo/ajuste-de-farmacos-en-la-enfermedad-renal-cronica/,2025-05-24,TRANSCRIPCION_VERIFICADA_IMAGEN,REFERENCIA_NO_PRESCRIPTIVA,renal_fuente_2025/tabla_02_pag_03.png
FR001-T02-003,MED-0342,LEVOFLOXACINA,Levofloxacino,2,3,Antibacterianos 2,250 - 750 mg/24 h,D,100%,500 mg x 1 y seguir con 250 - 750 mg/24 - 48 h,500 mg x 1 y seguir con 250 - 500 mg/48 h,Dosis postdiálisis,,,"García Montemayor V, Sanchez-Agesta Martínez M, Naranjo Muñoz J. Ajuste de Fármacos en la Enfermedad Renal Crónica. Nefrología al día. 2025.",https://nefrologiaaldia.org/articulo/ajuste-de-farmacos-en-la-enfermedad-renal-cronica/,2025-05-24,TRANSCRIPCION_VERIFICADA_IMAGEN,REFERENCIA_NO_PRESCRIPTIVA,renal_fuente_2025/tabla_02_pag_03.png
FR001-T02-004,MED-0412,MOXIFLOXACINA,Moxifloxacino,2,3,Antibacterianos 2,400 mg/24 h,No,100%,100%,100%,Dosis postdiálisis,,,"García Montemayor V, Sanchez-Agesta Martínez M, Naranjo Muñoz J. Ajuste de Fármacos en la Enfermedad Renal Crónica. Nefrología al día. 2025.",https://nefrologiaaldia.org/articulo/ajuste-de-farmacos-en-la-enfermedad-renal-cronica/,2025-05-24,TRANSCRIPCION_VERIFICADA_IMAGEN,REFERENCIA_NO_PRESCRIPTIVA,renal_fuente_2025/tabla_02_pag_03.png
FR001-T02-005,MED-0432,NORFLOXACINA,Norfloxacino,2,3,Antibacterianos 2,400 mg/12 h,I,Cada 12 h,Cada 12 - 24 h,Evitar,,,,"García Montemayor V, Sanchez-Agesta Martínez M, Naranjo Muñoz J. Ajuste de Fármacos en la Enfermedad Renal Crónica. Nefrología al día. 2025.",https://nefrologiaaldia.org/articulo/ajuste-de-farmacos-en-la-enfermedad-renal-cronica/,2025-05-24,TRANSCRIPCION_VERIFICADA_IMAGEN,REFERENCIA_NO_PRESCRIPTIVA,renal_fuente_2025/tabla_02_pag_03.png
FR001-T02-006,,,Ofloxacino,2,3,Antibacterianos 2,200 - 400 mg/12 h,D e I,100%,200 - 400 mg/24 h,200 mg/24 h,100 - 200 mg postdiálisis,,,"García Montemayor V, Sanchez-Agesta Martínez M, Naranjo Muñoz J. Ajuste de Fármacos en la Enfermedad Renal Crónica. Nefrología al día. 2025.",https://nefrologiaaldia.org/articulo/ajuste-de-farmacos-en-la-enfermedad-renal-cronica/,2025-05-24,TRANSCRIPCION_VERIFICADA_IMAGEN,REFERENCIA_NO_PRESCRIPTIVA,renal_fuente_2025/tabla_02_pag_03.png
FR001-T02-007,MED-0068,AZITROMICINA,Azitromicina,2,3,Antibacterianos 2,500 mg/24 h,No,100%,100%,100%,Dosis postdiálisis,,,"García Montemayor V, Sanchez-Agesta Martínez M, Naranjo Muñoz J. Ajuste de Fármacos en la Enfermedad Renal Crónica. Nefrología al día. 2025.",https://nefrologiaaldia.org/articulo/ajuste-de-farmacos-en-la-enfermedad-renal-cronica/,2025-05-24,TRANSCRIPCION_VERIFICADA_IMAGEN,REFERENCIA_NO_PRESCRIPTIVA,renal_fuente_2025/tabla_02_pag_03.png
FR001-T02-008,MED-0136,CLARITROMICINA,Claritromicina,2,3,Antibacterianos 2,250 - 500 mg/12 h,D,100%,500 mg x 1 y seguir con 250 mg/12 - 24 h,500 mg x 1 y seguir con 250 mg/12 - 24 h,Dosis postdiálisis,,,"García Montemayor V, Sanchez-Agesta Martínez M, Naranjo Muñoz J. Ajuste de Fármacos en la Enfermedad Renal Crónica. Nefrología al día. 2025.",https://nefrologiaaldia.org/articulo/ajuste-de-farmacos-en-la-enfermedad-renal-cronica/,2025-05-24,TRANSCRIPCION_VERIFICADA_IMAGEN,REFERENCIA_NO_PRESCRIPTIVA,renal_fuente_2025/tabla_02_pag_03.png
FR001-T02-009,,,Roxitromicina,2,3,Antibacterianos 2,150 mg/12 h,D,100%,100%,100%,100%,,,"García Montemayor V, Sanchez-Agesta Martínez M, Naranjo Muñoz J. Ajuste de Fármacos en la Enfermedad Renal Crónica. Nefrología al día. 2025.",https://nefrologiaaldia.org/articulo/ajuste-de-farmacos-en-la-enfermedad-renal-cronica/,2025-05-24,TRANSCRIPCION_VERIFICADA_IMAGEN,REFERENCIA_NO_PRESCRIPTIVA,renal_fuente_2025/tabla_02_pag_03.png
FR001-T02-010,MED-0234,ERITROMICINA,Eritromicina,2,3,Antibacterianos 2,250 - 500 mg/6 - 12 h (Máx. 4 g/día),D,100%,100%,50 - 75%,50 - 75%,,,"García Montemayor V, Sanchez-Agesta Martínez M, Naranjo Muñoz J. Ajuste de Fármacos en la Enfermedad Renal Crónica. Nefrología al día. 2025.",https://nefrologiaaldia.org/articulo/ajuste-de-farmacos-en-la-enfermedad-renal-cronica/,2025-05-24,TRANSCRIPCION_VERIFICADA_IMAGEN,REFERENCIA_NO_PRESCRIPTIVA,renal_fuente_2025/tabla_02_pag_03.png
FR001-T02-011,MED-0138,CLINDAMICINA,Clindamicina,2,3,Antibacterianos 2,600 - 900 mg/6 - 8 h,No,100%,100%,100%,100%,,,"García Montemayor V, Sanchez-Agesta Martínez M, Naranjo Muñoz J. Ajuste de Fármacos en la Enfermedad Renal Crónica. Nefrología al día. 2025.",https://nefrologiaaldia.org/articulo/ajuste-de-farmacos-en-la-enfermedad-renal-cronica/,2025-05-24,TRANSCRIPCION_VERIFICADA_IMAGEN,REFERENCIA_NO_PRESCRIPTIVA,renal_fuente_2025/tabla_02_pag_03.png
FR001-T02-012,MED-0147,CLORANFENICOL,Cloranfenicol,2,3,Antibacterianos 2,0.25 - 1 g/6 h 100%,No,100%,100%,100%,100%,,,"García Montemayor V, Sanchez-Agesta Martínez M, Naranjo Muñoz J. Ajuste de Fármacos en la Enfermedad Renal Crónica. Nefrología al día. 2025.",https://nefrologiaaldia.org/articulo/ajuste-de-farmacos-en-la-enfermedad-renal-cronica/,2025-05-24,TRANSCRIPCION_VERIFICADA_IMAGEN,REFERENCIA_NO_PRESCRIPTIVA,renal_fuente_2025/tabla_02_pag_03.png
FR001-T02-013,,,Colistina,2,3,Antibacterianos 2,1 - 2 MUI (millones de unidades)/8 - 12 h,D,1 - 2 MUI/8 - 12 h,4.5 - 7.5 MUI/24 h,3.5 MUI/24 h,2.25 MUI/24 h días NO HD; 3 MUI/24 h postdiálisis (días HD),Ccr = 100 - 50 ml/min,,"García Montemayor V, Sanchez-Agesta Martínez M, Naranjo Muñoz J. Ajuste de Fármacos en la Enfermedad Renal Crónica. Nefrología al día. 2025.",https://nefrologiaaldia.org/articulo/ajuste-de-farmacos-en-la-enfermedad-renal-cronica/,2025-05-24,TRANSCRIPCION_VERIFICADA_IMAGEN,REFERENCIA_NO_PRESCRIPTIVA,renal_fuente_2025/tabla_02_pag_03.png
FR001-T02-014,,,Dalbavancina,2,3,Antibacterianos 2,1000 mg 1º semana. 500 mg 2º semana,D,100%,100%. Si CCr<30 ml/min 750 mg 1º semana. 375 mg 2º semana,750 mg 1º semana. 375 mg 2º semana,750 mg 1º semana. 375 mg 2º semana. No dosis extra,,,"García Montemayor V, Sanchez-Agesta Martínez M, Naranjo Muñoz J. Ajuste de Fármacos en la Enfermedad Renal Crónica. Nefrología al día. 2025.",https://nefrologiaaldia.org/articulo/ajuste-de-farmacos-en-la-enfermedad-renal-cronica/,2025-05-24,TRANSCRIPCION_VERIFICADA_IMAGEN,REFERENCIA_NO_PRESCRIPTIVA,renal_fuente_2025/tabla_02_pag_03.png
FR001-T02-015,,,Daptomicina,2,3,Antibacterianos 2,4 - 6 mg/kg/24 h,I,100%,Cada 48 h,Cada 48 h,Cada 48 h (post HD),,,"García Montemayor V, Sanchez-Agesta Martínez M, Naranjo Muñoz J. Ajuste de Fármacos en la Enfermedad Renal Crónica. Nefrología al día. 2025.",https://nefrologiaaldia.org/articulo/ajuste-de-farmacos-en-la-enfermedad-renal-cronica/,2025-05-24,TRANSCRIPCION_VERIFICADA_IMAGEN,REFERENCIA_NO_PRESCRIPTIVA,renal_fuente_2025/tabla_02_pag_03.png
FR001-T02-016,MED-0349,LINEZOLID,Linezolid,2,3,Antibacterianos 2,400 - 600 mg/12 h,No,100%,100%,100%,Dosis postdiálisis,,,"García Montemayor V, Sanchez-Agesta Martínez M, Naranjo Muñoz J. Ajuste de Fármacos en la Enfermedad Renal Crónica. Nefrología al día. 2025.",https://nefrologiaaldia.org/articulo/ajuste-de-farmacos-en-la-enfermedad-renal-cronica/,2025-05-24,TRANSCRIPCION_VERIFICADA_IMAGEN,REFERENCIA_NO_PRESCRIPTIVA,renal_fuente_2025/tabla_02_pag_03.png
FR001-T02-017,MED-0389,METRONIDAZOL,Metronidazol,2,3,Antibacterianos 2,500 mg/6 - 8 h,I,100%,100%,Cada 8 - 12 h,Dosis postdiálisis,Ccr=50 - 10 ml/min,,"García Montemayor V, Sanchez-Agesta Martínez M, Naranjo Muñoz J. Ajuste de Fármacos en la Enfermedad Renal Crónica. Nefrología al día. 2025.",https://nefrologiaaldia.org/articulo/ajuste-de-farmacos-en-la-enfermedad-renal-cronica/,2025-05-24,TRANSCRIPCION_VERIFICADA_IMAGEN,REFERENCIA_NO_PRESCRIPTIVA,renal_fuente_2025/tabla_02_pag_03.png
FR001-T02-018,MED-0430,NITROFURANTOINA,Nitrofurantoina,2,3,Antibacterianos 2,500 mg - 1 g/6 h,D,100%,Evitar,Evitar,,,,"García Montemayor V, Sanchez-Agesta Martínez M, Naranjo Muñoz J. Ajuste de Fármacos en la Enfermedad Renal Crónica. Nefrología al día. 2025.",https://nefrologiaaldia.org/articulo/ajuste-de-farmacos-en-la-enfermedad-renal-cronica/,2025-05-24,TRANSCRIPCION_VERIFICADA_IMAGEN,REFERENCIA_NO_PRESCRIPTIVA,renal_fuente_2025/tabla_02_pag_03.png
FR001-T02-019,,,Oritavanzina,2,3,Antibacterianos 2,15 mg/kg/24 h,No,100%,100%,100%,100%,100%,,"García Montemayor V, Sanchez-Agesta Martínez M, Naranjo Muñoz J. Ajuste de Fármacos en la Enfermedad Renal Crónica. Nefrología al día. 2025.",https://nefrologiaaldia.org/articulo/ajuste-de-farmacos-en-la-enfermedad-renal-cronica/,2025-05-24,TRANSCRIPCION_VERIFICADA_IMAGEN,REFERENCIA_NO_PRESCRIPTIVA,renal_fuente_2025/tabla_02_pag_03.png
FR001-T02-020,MED-0540,SULFAMETOXAZOL,Sulfametoxazol,2,3,Antibacterianos 2,1 g/8 - 12 h,I,Cada 12 h,Cada 18 h,Cada 24 h,Extra 1 g postdiálisis,,,"García Montemayor V, Sanchez-Agesta Martínez M, Naranjo Muñoz J. Ajuste de Fármacos en la Enfermedad Renal Crónica. Nefrología al día. 2025.",https://nefrologiaaldia.org/articulo/ajuste-de-farmacos-en-la-enfermedad-renal-cronica/,2025-05-24,TRANSCRIPCION_VERIFICADA_IMAGEN,REFERENCIA_NO_PRESCRIPTIVA,renal_fuente_2025/tabla_02_pag_03.png
FR001-T02-021,,,Tedizolid,2,3,Antibacterianos 2,20 mg/24 h,No,100%,100%,100%,100%,,,"García Montemayor V, Sanchez-Agesta Martínez M, Naranjo Muñoz J. Ajuste de Fármacos en la Enfermedad Renal Crónica. Nefrología al día. 2025.",https://nefrologiaaldia.org/articulo/ajuste-de-farmacos-en-la-enfermedad-renal-cronica/,2025-05-24,TRANSCRIPCION_VERIFICADA_IMAGEN,REFERENCIA_NO_PRESCRIPTIVA,renal_fuente_2025/tabla_02_pag_03.png
FR001-T02-022,,,Teicoplanina,2,3,Antibacterianos 2,6 mg/kg/24 h,I,Cada 24 h,Cada 48 h,Cada 72 h,Cada 72 h,Ccr=50 - 10 ml/min,,"García Montemayor V, Sanchez-Agesta Martínez M, Naranjo Muñoz J. Ajuste de Fármacos en la Enfermedad Renal Crónica. Nefrología al día. 2025.",https://nefrologiaaldia.org/articulo/ajuste-de-farmacos-en-la-enfermedad-renal-cronica/,2025-05-24,TRANSCRIPCION_VERIFICADA_IMAGEN,REFERENCIA_NO_PRESCRIPTIVA,renal_fuente_2025/tabla_02_pag_03.png
FR001-T02-023,,,Tigeciclina,2,3,Antibacterianos 2,100 mg/24 h,D,100%,100%,100%,100%,,,"García Montemayor V, Sanchez-Agesta Martínez M, Naranjo Muñoz J. Ajuste de Fármacos en la Enfermedad Renal Crónica. Nefrología al día. 2025.",https://nefrologiaaldia.org/articulo/ajuste-de-farmacos-en-la-enfermedad-renal-cronica/,2025-05-24,TRANSCRIPCION_VERIFICADA_IMAGEN,REFERENCIA_NO_PRESCRIPTIVA,renal_fuente_2025/tabla_02_pag_03.png
FR001-T02-024,MED-0592,TRIMETOPRIM,Trimetoprim,2,3,Antibacterianos 2,100 mg/12 h,I,Cada 12 h,Cada 12 h si FG >30 ml/min; cada 18 h si FG 30-10 ml/min,Cada 24 h,Dosis postdiálisis,Ccr=10 ml/min,,"García Montemayor V, Sanchez-Agesta Martínez M, Naranjo Muñoz J. Ajuste de Fármacos en la Enfermedad Renal Crónica. Nefrología al día. 2025.",https://nefrologiaaldia.org/articulo/ajuste-de-farmacos-en-la-enfermedad-renal-cronica/,2025-05-24,TRANSCRIPCION_VERIFICADA_IMAGEN,REFERENCIA_NO_PRESCRIPTIVA,renal_fuente_2025/tabla_02_pag_03.png
FR001-T02-025,MED-0601,VANCOMICINA,Vancomicina,2,3,Antibacterianos 2,1 g/12 h,D e I,1 g/12 h,1 g/24 - 96 h,1 g/4 - 6 días,Ccr=10 ml/min; si membrana HF: 500 mg postHD,500 mg/24 - 48 h,,"García Montemayor V, Sanchez-Agesta Martínez M, Naranjo Muñoz J. Ajuste de Fármacos en la Enfermedad Renal Crónica. Nefrología al día. 2025.",https://nefrologiaaldia.org/articulo/ajuste-de-farmacos-en-la-enfermedad-renal-cronica/,2025-05-24,TRANSCRIPCION_VERIFICADA_IMAGEN,REFERENCIA_NO_PRESCRIPTIVA,renal_fuente_2025/tabla_02_pag_03.png
FR001-T03-001,MED-0053,AMOXICILINA,Amoxicilina,3,3,Antibacterianos 3,875 mg/12 h -- 250 - 500 mg/8 h,I,100%,Cada 8 - 12 h,Cada 24 h,Dosis postdiálisis,,,"García Montemayor V, Sanchez-Agesta Martínez M, Naranjo Muñoz J. Ajuste de Fármacos en la Enfermedad Renal Crónica. Nefrología al día. 2025.",https://nefrologiaaldia.org/articulo/ajuste-de-farmacos-en-la-enfermedad-renal-cronica/,2025-05-24,TRANSCRIPCION_VERIFICADA_IMAGEN,REFERENCIA_NO_PRESCRIPTIVA,renal_fuente_2025/tabla_03_pag_03.png
FR001-T03-002,,,Amoxi/Clavulánico,3,3,Antibacterianos 3,500/125 mg/8 h,D e I,500/125 mg/8 h,250/125 mg/12 h,250/125 mg/24 h,Dosis postdiálisis,,,"García Montemayor V, Sanchez-Agesta Martínez M, Naranjo Muñoz J. Ajuste de Fármacos en la Enfermedad Renal Crónica. Nefrología al día. 2025.",https://nefrologiaaldia.org/articulo/ajuste-de-farmacos-en-la-enfermedad-renal-cronica/,2025-05-24,TRANSCRIPCION_VERIFICADA_IMAGEN,REFERENCIA_NO_PRESCRIPTIVA,renal_fuente_2025/tabla_03_pag_03.png
FR001-T03-003,MED-0054,AMPICILINA,Ampicilina,3,3,Antibacterianos 3,250 mg - 2 g/6 h,I,100%,Cada 6 - 12 h,Cada 24 h,Dosis postdiálisis,,,"García Montemayor V, Sanchez-Agesta Martínez M, Naranjo Muñoz J. Ajuste de Fármacos en la Enfermedad Renal Crónica. Nefrología al día. 2025.",https://nefrologiaaldia.org/articulo/ajuste-de-farmacos-en-la-enfermedad-renal-cronica/,2025-05-24,TRANSCRIPCION_VERIFICADA_IMAGEN,REFERENCIA_NO_PRESCRIPTIVA,renal_fuente_2025/tabla_03_pag_03.png
FR001-T03-004,,,Aztreonam,3,3,Antibacterianos 3,1 - 2 g/8 h,D,100%,1 - 2 g x 1 y seguir con 500 mg/6 - 8 h,1 - 2 g x 1 y seguir con 500 mg/6 - 12 h,Extra 250 mg postdiálisis,,,"García Montemayor V, Sanchez-Agesta Martínez M, Naranjo Muñoz J. Ajuste de Fármacos en la Enfermedad Renal Crónica. Nefrología al día. 2025.",https://nefrologiaaldia.org/articulo/ajuste-de-farmacos-en-la-enfermedad-renal-cronica/,2025-05-24,TRANSCRIPCION_VERIFICADA_IMAGEN,REFERENCIA_NO_PRESCRIPTIVA,renal_fuente_2025/tabla_03_pag_03.png
FR001-T03-005,,,Eravaciclina,3,3,Antibacterianos 3,1 mg/kg/12 h,D,100%,100%,100%,Dosis postdiálisis,,,"García Montemayor V, Sanchez-Agesta Martínez M, Naranjo Muñoz J. Ajuste de Fármacos en la Enfermedad Renal Crónica. Nefrología al día. 2025.",https://nefrologiaaldia.org/articulo/ajuste-de-farmacos-en-la-enfermedad-renal-cronica/,2025-05-24,TRANSCRIPCION_VERIFICADA_IMAGEN,REFERENCIA_NO_PRESCRIPTIVA,renal_fuente_2025/tabla_03_pag_03.png
FR001-T03-006,,,Penicilina G,3,3,Antibacterianos 3,0.5 - 4 millon. U/4 - 6 h,D,100%,75%,20 - 50%,Dosis postdiálisis,Ccr=50 - 10 ml/min,,"García Montemayor V, Sanchez-Agesta Martínez M, Naranjo Muñoz J. Ajuste de Fármacos en la Enfermedad Renal Crónica. Nefrología al día. 2025.",https://nefrologiaaldia.org/articulo/ajuste-de-farmacos-en-la-enfermedad-renal-cronica/,2025-05-24,TRANSCRIPCION_VERIFICADA_IMAGEN,REFERENCIA_NO_PRESCRIPTIVA,renal_fuente_2025/tabla_03_pag_03.png
FR001-T03-007,,,Piperacilina,3,3,Antibacterianos 3,3 - 4 g/4 - 6 h,I,100%,Cada 6 - 12 h,Cada 12 h,Dosis postdiálisis,Ccr=50 - 10 ml/min,,"García Montemayor V, Sanchez-Agesta Martínez M, Naranjo Muñoz J. Ajuste de Fármacos en la Enfermedad Renal Crónica. Nefrología al día. 2025.",https://nefrologiaaldia.org/articulo/ajuste-de-farmacos-en-la-enfermedad-renal-cronica/,2025-05-24,TRANSCRIPCION_VERIFICADA_IMAGEN,REFERENCIA_NO_PRESCRIPTIVA,renal_fuente_2025/tabla_03_pag_03.png
FR001-T03-008,,,Piperacilina / Tazobactan,3,3,Antibacterianos 3,3.375 - 4.5 g/6 h,D e I,100%,2.25 g/6 h; si FG <20 ml/min: 2.25 g/8 h,2.25 g/8 h,Extra 0.75 g postdiálisis,,,"García Montemayor V, Sanchez-Agesta Martínez M, Naranjo Muñoz J. Ajuste de Fármacos en la Enfermedad Renal Crónica. Nefrología al día. 2025.",https://nefrologiaaldia.org/articulo/ajuste-de-farmacos-en-la-enfermedad-renal-cronica/,2025-05-24,TRANSCRIPCION_VERIFICADA_IMAGEN,REFERENCIA_NO_PRESCRIPTIVA,renal_fuente_2025/tabla_03_pag_03.png
FR001-T03-009,,,Ticarcilina,3,3,Antibacterianos 3,3 g/4 h,D e I,1 - 2 g/4 h,1 - 2 g/8 h,1 - 2 g/12 h,No,Ccr=50 - 10 ml/min,,"García Montemayor V, Sanchez-Agesta Martínez M, Naranjo Muñoz J. Ajuste de Fármacos en la Enfermedad Renal Crónica. Nefrología al día. 2025.",https://nefrologiaaldia.org/articulo/ajuste-de-farmacos-en-la-enfermedad-renal-cronica/,2025-05-24,TRANSCRIPCION_VERIFICADA_IMAGEN,REFERENCIA_NO_PRESCRIPTIVA,renal_fuente_2025/tabla_03_pag_03.png
FR001-T03-010,,,Ticarcilina/Clavulánico,3,3,Antibacterianos 3,3.1 g/4 h,D e I,3.1 g/4 h,3.1 g/8 - 12 h,2.0 g/12 h,Extra 2 g postd,,,"García Montemayor V, Sanchez-Agesta Martínez M, Naranjo Muñoz J. Ajuste de Fármacos en la Enfermedad Renal Crónica. Nefrología al día. 2025.",https://nefrologiaaldia.org/articulo/ajuste-de-farmacos-en-la-enfermedad-renal-cronica/,2025-05-24,TRANSCRIPCION_VERIFICADA_IMAGEN,REFERENCIA_NO_PRESCRIPTIVA,renal_fuente_2025/tabla_03_pag_03.png
FR001-T03-011,MED-0211,DOXICICLINA,Doxiciclina,3,3,Antibacterianos 3,100 mg/12 h,No,100%,100%,100%,No,,,"García Montemayor V, Sanchez-Agesta Martínez M, Naranjo Muñoz J. Ajuste de Fármacos en la Enfermedad Renal Crónica. Nefrología al día. 2025.",https://nefrologiaaldia.org/articulo/ajuste-de-farmacos-en-la-enfermedad-renal-cronica/,2025-05-24,TRANSCRIPCION_VERIFICADA_IMAGEN,REFERENCIA_NO_PRESCRIPTIVA,renal_fuente_2025/tabla_03_pag_03.png
FR001-T03-012,MED-0568,TETRACICLINA,Tetraciclina,3,3,Antibacterianos 3,250 - 500 mg/6 - 12 h,I,100%,Cada 12 - 24 h,Cada 24 h,No,,,"García Montemayor V, Sanchez-Agesta Martínez M, Naranjo Muñoz J. Ajuste de Fármacos en la Enfermedad Renal Crónica. Nefrología al día. 2025.",https://nefrologiaaldia.org/articulo/ajuste-de-farmacos-en-la-enfermedad-renal-cronica/,2025-05-24,TRANSCRIPCION_VERIFICADA_IMAGEN,REFERENCIA_NO_PRESCRIPTIVA,renal_fuente_2025/tabla_03_pag_03.png
FR001-T04-001,,,Amfotericina B lipídica,4,4,"Antifúngicos, antiparasitarios y tuberculostáticos",5 mg/kg/24 h,D,5 mg/kg/24 h,1 - 3 mg/kg/24 h,1 - 3 mg/kg/24 h,1 - 3 mg/kg/24 h,Ccr=50 - 10 ml/min,,"García Montemayor V, Sanchez-Agesta Martínez M, Naranjo Muñoz J. Ajuste de Fármacos en la Enfermedad Renal Crónica. Nefrología al día. 2025.",https://nefrologiaaldia.org/articulo/ajuste-de-farmacos-en-la-enfermedad-renal-cronica/,2025-05-24,TRANSCRIPCION_VERIFICADA_IMAGEN,REFERENCIA_NO_PRESCRIPTIVA,renal_fuente_2025/tabla_04_pag_04.png
FR001-T04-002,,,Caspofungina,4,4,"Antifúngicos, antiparasitarios y tuberculostáticos",50 - 70 mg/24 h,No,100%,100%,100%,100%,,,"García Montemayor V, Sanchez-Agesta Martínez M, Naranjo Muñoz J. Ajuste de Fármacos en la Enfermedad Renal Crónica. Nefrología al día. 2025.",https://nefrologiaaldia.org/articulo/ajuste-de-farmacos-en-la-enfermedad-renal-cronica/,2025-05-24,TRANSCRIPCION_VERIFICADA_IMAGEN,REFERENCIA_NO_PRESCRIPTIVA,renal_fuente_2025/tabla_04_pag_04.png
FR001-T04-003,MED-0266,FLUCONAZOL,Fluconazol,4,4,"Antifúngicos, antiparasitarios y tuberculostáticos",200 - 400 mg/24 h (Máx. 800 mg/24 h),D,100%,200 mg/24 h,200 mg/24 h,100 - 200 mg postdiálisis,Ccr=50 - 10 ml/min,,"García Montemayor V, Sanchez-Agesta Martínez M, Naranjo Muñoz J. Ajuste de Fármacos en la Enfermedad Renal Crónica. Nefrología al día. 2025.",https://nefrologiaaldia.org/articulo/ajuste-de-farmacos-en-la-enfermedad-renal-cronica/,2025-05-24,TRANSCRIPCION_VERIFICADA_IMAGEN,REFERENCIA_NO_PRESCRIPTIVA,renal_fuente_2025/tabla_04_pag_04.png
FR001-T04-004,MED-0265,FLUCITOSINA,Flucitosina,4,4,"Antifúngicos, antiparasitarios y tuberculostáticos",12.5 - 37.5 mg/kg/6 h,I,Cada 6 - 12 h,Cada 12 - 24 h,Cada 24 - 48 h,Dosis postdiálisis,Ccr=50 - 10 ml/min,,"García Montemayor V, Sanchez-Agesta Martínez M, Naranjo Muñoz J. Ajuste de Fármacos en la Enfermedad Renal Crónica. Nefrología al día. 2025.",https://nefrologiaaldia.org/articulo/ajuste-de-farmacos-en-la-enfermedad-renal-cronica/,2025-05-24,TRANSCRIPCION_VERIFICADA_IMAGEN,REFERENCIA_NO_PRESCRIPTIVA,renal_fuente_2025/tabla_04_pag_04.png
FR001-T04-005,MED-0310,ISAVUCONAZOL,Isavuconazol,4,4,"Antifúngicos, antiparasitarios y tuberculostáticos",Dosis carga 200 mg/8 h. Dosis mantenimiento 200 mg/24 h,No,100%,100%,100%,100%,,,"García Montemayor V, Sanchez-Agesta Martínez M, Naranjo Muñoz J. Ajuste de Fármacos en la Enfermedad Renal Crónica. Nefrología al día. 2025.",https://nefrologiaaldia.org/articulo/ajuste-de-farmacos-en-la-enfermedad-renal-cronica/,2025-05-24,TRANSCRIPCION_VERIFICADA_IMAGEN,REFERENCIA_NO_PRESCRIPTIVA,renal_fuente_2025/tabla_04_pag_04.png
FR001-T04-006,,,Itraconazol V.O.,4,4,"Antifúngicos, antiparasitarios y tuberculostáticos",100 - 200 mg/12 h,D,100%,100%,50%,100% dosis recomendada,,,"García Montemayor V, Sanchez-Agesta Martínez M, Naranjo Muñoz J. Ajuste de Fármacos en la Enfermedad Renal Crónica. Nefrología al día. 2025.",https://nefrologiaaldia.org/articulo/ajuste-de-farmacos-en-la-enfermedad-renal-cronica/,2025-05-24,TRANSCRIPCION_VERIFICADA_IMAGEN,REFERENCIA_NO_PRESCRIPTIVA,renal_fuente_2025/tabla_04_pag_04.png
FR001-T04-007,,,Itraconazol I.V.,4,4,"Antifúngicos, antiparasitarios y tuberculostáticos",200 mg/12 h,I,No dar si Ccr <30 ml/min por acúmulo del vehículo: ciclodextrina. Usar V.O.,,,,,,"García Montemayor V, Sanchez-Agesta Martínez M, Naranjo Muñoz J. Ajuste de Fármacos en la Enfermedad Renal Crónica. Nefrología al día. 2025.",https://nefrologiaaldia.org/articulo/ajuste-de-farmacos-en-la-enfermedad-renal-cronica/,2025-05-24,TRANSCRIPCION_VERIFICADA_IMAGEN,REFERENCIA_NO_PRESCRIPTIVA,renal_fuente_2025/tabla_04_pag_04.png
FR001-T04-008,,,Micafungina i.v.,4,4,"Antifúngicos, antiparasitarios y tuberculostáticos",50 - 150 mg/24 h,D,100%,100%,100%,100%,100%,,"García Montemayor V, Sanchez-Agesta Martínez M, Naranjo Muñoz J. Ajuste de Fármacos en la Enfermedad Renal Crónica. Nefrología al día. 2025.",https://nefrologiaaldia.org/articulo/ajuste-de-farmacos-en-la-enfermedad-renal-cronica/,2025-05-24,TRANSCRIPCION_VERIFICADA_IMAGEN,REFERENCIA_NO_PRESCRIPTIVA,renal_fuente_2025/tabla_04_pag_04.png
FR001-T04-009,MED-0475,POSACONAZOL,Posaconazol,4,4,"Antifúngicos, antiparasitarios y tuberculostáticos",100 - 200 mg/6 - 24 h,D,100%,100%,100%,100%,,,"García Montemayor V, Sanchez-Agesta Martínez M, Naranjo Muñoz J. Ajuste de Fármacos en la Enfermedad Renal Crónica. Nefrología al día. 2025.",https://nefrologiaaldia.org/articulo/ajuste-de-farmacos-en-la-enfermedad-renal-cronica/,2025-05-24,TRANSCRIPCION_VERIFICADA_IMAGEN,REFERENCIA_NO_PRESCRIPTIVA,renal_fuente_2025/tabla_04_pag_04.png
FR001-T04-010,MED-0612,VORICONAZOL,Voriconazol V.O.,4,4,"Antifúngicos, antiparasitarios y tuberculostáticos",400 mg/12 h: 1er día. Continuar 200 mg/12 h,No,100%,100%,100%,100% dosis recomendada,,,"García Montemayor V, Sanchez-Agesta Martínez M, Naranjo Muñoz J. Ajuste de Fármacos en la Enfermedad Renal Crónica. Nefrología al día. 2025.",https://nefrologiaaldia.org/articulo/ajuste-de-farmacos-en-la-enfermedad-renal-cronica/,2025-05-24,TRANSCRIPCION_VERIFICADA_IMAGEN,REFERENCIA_NO_PRESCRIPTIVA,renal_fuente_2025/tabla_04_pag_04.png
FR001-T04-011,MED-0612,VORICONAZOL,Voriconazol I.V.,4,4,"Antifúngicos, antiparasitarios y tuberculostáticos",6 mg/kg/12 h: 2 día. Continuar 3 mg/kg/12 h,I,No dar si Ccr <50 ml/min por acúmulo del vehículo: ciclodextrina. Usar V.O. o Isavuconazol,,,,,,"García Montemayor V, Sanchez-Agesta Martínez M, Naranjo Muñoz J. Ajuste de Fármacos en la Enfermedad Renal Crónica. Nefrología al día. 2025.",https://nefrologiaaldia.org/articulo/ajuste-de-farmacos-en-la-enfermedad-renal-cronica/,2025-05-24,TRANSCRIPCION_VERIFICADA_IMAGEN,REFERENCIA_NO_PRESCRIPTIVA,renal_fuente_2025/tabla_04_pag_04.png
FR001-T04-012,,,Ivermectina,4,4,"Antifúngicos, antiparasitarios y tuberculostáticos",200 µg/kg de peso en una única toma.,D,100%,100%,100%,100%,,,"García Montemayor V, Sanchez-Agesta Martínez M, Naranjo Muñoz J. Ajuste de Fármacos en la Enfermedad Renal Crónica. Nefrología al día. 2025.",https://nefrologiaaldia.org/articulo/ajuste-de-farmacos-en-la-enfermedad-renal-cronica/,2025-05-24,TRANSCRIPCION_VERIFICADA_IMAGEN,REFERENCIA_NO_PRESCRIPTIVA,renal_fuente_2025/tabla_04_pag_04.png
FR001-T04-013,,,Pentamidina,4,4,"Antifúngicos, antiparasitarios y tuberculostáticos",4 mg/kg/día,I,Cada 24 h,Cada 24 - 36 h,Cada 48 h,Cada 48 h,,,"García Montemayor V, Sanchez-Agesta Martínez M, Naranjo Muñoz J. Ajuste de Fármacos en la Enfermedad Renal Crónica. Nefrología al día. 2025.",https://nefrologiaaldia.org/articulo/ajuste-de-farmacos-en-la-enfermedad-renal-cronica/,2025-05-24,TRANSCRIPCION_VERIFICADA_IMAGEN,REFERENCIA_NO_PRESCRIPTIVA,renal_fuente_2025/tabla_04_pag_04.png
FR001-T04-014,MED-0470,PIRIMETAMINA,Pirimetamina,4,4,"Antifúngicos, antiparasitarios y tuberculostáticos",100 mg/24 h: 1er día. Continuar 25 mg/24 h,No,100%,100%,100%,100% dosis recomendada postdiálisis,,,"García Montemayor V, Sanchez-Agesta Martínez M, Naranjo Muñoz J. Ajuste de Fármacos en la Enfermedad Renal Crónica. Nefrología al día. 2025.",https://nefrologiaaldia.org/articulo/ajuste-de-farmacos-en-la-enfermedad-renal-cronica/,2025-05-24,TRANSCRIPCION_VERIFICADA_IMAGEN,REFERENCIA_NO_PRESCRIPTIVA,renal_fuente_2025/tabla_04_pag_04.png
FR001-T04-015,,,Quinina,4,4,"Antifúngicos, antiparasitarios y tuberculostáticos",650 mg/8 h,I,Cada 8 h,Cada 8 - 12 h,Cada 24 h,Dosis postdiálisis,Ccr=50 - 10 ml/min,,"García Montemayor V, Sanchez-Agesta Martínez M, Naranjo Muñoz J. Ajuste de Fármacos en la Enfermedad Renal Crónica. Nefrología al día. 2025.",https://nefrologiaaldia.org/articulo/ajuste-de-farmacos-en-la-enfermedad-renal-cronica/,2025-05-24,TRANSCRIPCION_VERIFICADA_IMAGEN,REFERENCIA_NO_PRESCRIPTIVA,renal_fuente_2025/tabla_04_pag_04.png
FR001-T04-016,,,Bedaquilina,4,4,"Antifúngicos, antiparasitarios y tuberculostáticos",Semanas 1-2: 400 mg/24 h. Semanas 3-24: 200 mg/48 h,D,100%,100%. si CCr <30 ml/min Precaución,Precaución,Precaución,,,"García Montemayor V, Sanchez-Agesta Martínez M, Naranjo Muñoz J. Ajuste de Fármacos en la Enfermedad Renal Crónica. Nefrología al día. 2025.",https://nefrologiaaldia.org/articulo/ajuste-de-farmacos-en-la-enfermedad-renal-cronica/,2025-05-24,TRANSCRIPCION_VERIFICADA_IMAGEN,REFERENCIA_NO_PRESCRIPTIVA,renal_fuente_2025/tabla_04_pag_04.png
FR001-T04-017,,,Delamanid,4,4,"Antifúngicos, antiparasitarios y tuberculostáticos",100 mg/12 h,D,100%,100%. Si CCr <30 ml/min Evitar,Evitar,Evitar,,,"García Montemayor V, Sanchez-Agesta Martínez M, Naranjo Muñoz J. Ajuste de Fármacos en la Enfermedad Renal Crónica. Nefrología al día. 2025.",https://nefrologiaaldia.org/articulo/ajuste-de-farmacos-en-la-enfermedad-renal-cronica/,2025-05-24,TRANSCRIPCION_VERIFICADA_IMAGEN,REFERENCIA_NO_PRESCRIPTIVA,renal_fuente_2025/tabla_04_pag_04.png
FR001-T04-018,,,Etambutol,4,4,"Antifúngicos, antiparasitarios y tuberculostáticos",15 - 25 mg/kg/24 h (Máx. 2.5 g/día),D,100%,75%,50 - 75%,Dosis postdiálisis,Ccr=100 - 50 ml/min,,"García Montemayor V, Sanchez-Agesta Martínez M, Naranjo Muñoz J. Ajuste de Fármacos en la Enfermedad Renal Crónica. Nefrología al día. 2025.",https://nefrologiaaldia.org/articulo/ajuste-de-farmacos-en-la-enfermedad-renal-cronica/,2025-05-24,TRANSCRIPCION_VERIFICADA_IMAGEN,REFERENCIA_NO_PRESCRIPTIVA,renal_fuente_2025/tabla_04_pag_04.png
FR001-T04-019,,,Etionamida,4,4,"Antifúngicos, antiparasitarios y tuberculostáticos",500 - 750 mg/12 h,D,100%,100%,100%,100%,,,"García Montemayor V, Sanchez-Agesta Martínez M, Naranjo Muñoz J. Ajuste de Fármacos en la Enfermedad Renal Crónica. Nefrología al día. 2025.",https://nefrologiaaldia.org/articulo/ajuste-de-farmacos-en-la-enfermedad-renal-cronica/,2025-05-24,TRANSCRIPCION_VERIFICADA_IMAGEN,REFERENCIA_NO_PRESCRIPTIVA,renal_fuente_2025/tabla_04_pag_04.png
FR001-T04-020,MED-0313,ISONIACIDA,Isoniacida,4,4,"Antifúngicos, antiparasitarios y tuberculostáticos",300 mg/24 h,No,100%,100%,100%,Dosis postdiálisis,,,"García Montemayor V, Sanchez-Agesta Martínez M, Naranjo Muñoz J. Ajuste de Fármacos en la Enfermedad Renal Crónica. Nefrología al día. 2025.",https://nefrologiaaldia.org/articulo/ajuste-de-farmacos-en-la-enfermedad-renal-cronica/,2025-05-24,TRANSCRIPCION_VERIFICADA_IMAGEN,REFERENCIA_NO_PRESCRIPTIVA,renal_fuente_2025/tabla_04_pag_04.png
FR001-T04-021,MED-0467,PIRAZINAMIDA,Pirazinamida,4,4,"Antifúngicos, antiparasitarios y tuberculostáticos",15 - 30 mg/kg/24 h (Máx. 2 g/24 h),D,100%,12 - 20 mg/kg/24 h,12 - 20 mg/kg/24 h,Evitar,,,"García Montemayor V, Sanchez-Agesta Martínez M, Naranjo Muñoz J. Ajuste de Fármacos en la Enfermedad Renal Crónica. Nefrología al día. 2025.",https://nefrologiaaldia.org/articulo/ajuste-de-farmacos-en-la-enfermedad-renal-cronica/,2025-05-24,TRANSCRIPCION_VERIFICADA_IMAGEN,REFERENCIA_NO_PRESCRIPTIVA,renal_fuente_2025/tabla_04_pag_04.png
FR001-T04-022,,,Rifabutina,4,4,"Antifúngicos, antiparasitarios y tuberculostáticos",300 mg/24 h,No,100%,100% (50% si CCr <30 ml/min),50%,Dosis postdiálisis,,,"García Montemayor V, Sanchez-Agesta Martínez M, Naranjo Muñoz J. Ajuste de Fármacos en la Enfermedad Renal Crónica. Nefrología al día. 2025.",https://nefrologiaaldia.org/articulo/ajuste-de-farmacos-en-la-enfermedad-renal-cronica/,2025-05-24,TRANSCRIPCION_VERIFICADA_IMAGEN,REFERENCIA_NO_PRESCRIPTIVA,renal_fuente_2025/tabla_04_pag_04.png
FR001-T04-023,MED-0499,RIFAMPICINA,Rifampicina,4,4,"Antifúngicos, antiparasitarios y tuberculostáticos",600 mg/24 h,D,100%,100%,300 mg/24 h,300 mg/24 h,,,"García Montemayor V, Sanchez-Agesta Martínez M, Naranjo Muñoz J. Ajuste de Fármacos en la Enfermedad Renal Crónica. Nefrología al día. 2025.",https://nefrologiaaldia.org/articulo/ajuste-de-farmacos-en-la-enfermedad-renal-cronica/,2025-05-24,TRANSCRIPCION_VERIFICADA_IMAGEN,REFERENCIA_NO_PRESCRIPTIVA,renal_fuente_2025/tabla_04_pag_04.png
FR001-T04-024,,,Rifapentina,4,4,"Antifúngicos, antiparasitarios y tuberculostáticos",600 mg 2 veces/semana. Continuar 600 mg/semana,No,100%,100%,100%,100% dosis recomendada postdiálisis,,,"García Montemayor V, Sanchez-Agesta Martínez M, Naranjo Muñoz J. Ajuste de Fármacos en la Enfermedad Renal Crónica. Nefrología al día. 2025.",https://nefrologiaaldia.org/articulo/ajuste-de-farmacos-en-la-enfermedad-renal-cronica/,2025-05-24,TRANSCRIPCION_VERIFICADA_IMAGEN,REFERENCIA_NO_PRESCRIPTIVA,renal_fuente_2025/tabla_04_pag_04.png
FR001-T05-001,,,Abacavir/Lamivudina,5,4,Antivirales 1,600/300 mg,D,100%,100%. Si Ccr<30 ml/min No recomendado,No recomendado,No recomendado,,,"García Montemayor V, Sanchez-Agesta Martínez M, Naranjo Muñoz J. Ajuste de Fármacos en la Enfermedad Renal Crónica. Nefrología al día. 2025.",https://nefrologiaaldia.org/articulo/ajuste-de-farmacos-en-la-enfermedad-renal-cronica/,2025-05-24,TRANSCRIPCION_VERIFICADA_IMAGEN,REFERENCIA_NO_PRESCRIPTIVA,renal_fuente_2025/tabla_05_pag_04.png
FR001-T05-002,MED-0017,ACICLOVIR,Aciclovir,5,4,Antivirales 1,5 - 10 mg/kg/8 h,D e I,5 - 10 mg/kg/8 h,5 - 10 mg/kg/12 - 24 h,2.5 mg/kg/24 h,Dosis postdiálisis,2.5 mg/kg/24 h,,"García Montemayor V, Sanchez-Agesta Martínez M, Naranjo Muñoz J. Ajuste de Fármacos en la Enfermedad Renal Crónica. Nefrología al día. 2025.",https://nefrologiaaldia.org/articulo/ajuste-de-farmacos-en-la-enfermedad-renal-cronica/,2025-05-24,TRANSCRIPCION_VERIFICADA_IMAGEN,REFERENCIA_NO_PRESCRIPTIVA,renal_fuente_2025/tabla_05_pag_04.png
FR001-T05-003,,,Adefovir,5,4,Antivirales 1,10 mg/24 h,I,10 mg/24 h,10 mg/48 - 72 h,10 mg/7 días,10 mg/7 días postdiálisis,3.5 mg/kg/24 h,,"García Montemayor V, Sanchez-Agesta Martínez M, Naranjo Muñoz J. Ajuste de Fármacos en la Enfermedad Renal Crónica. Nefrología al día. 2025.",https://nefrologiaaldia.org/articulo/ajuste-de-farmacos-en-la-enfermedad-renal-cronica/,2025-05-24,TRANSCRIPCION_VERIFICADA_IMAGEN,REFERENCIA_NO_PRESCRIPTIVA,renal_fuente_2025/tabla_05_pag_04.png
FR001-T05-004,,,Amantadina,5,4,Antivirales 1,100 mg/12 h,D e I,Cada 12 h,200 mg x 1 y seguir con 100 mg/24 - 48 h,200 mg/7 días,200 mg/7 días,No,,"García Montemayor V, Sanchez-Agesta Martínez M, Naranjo Muñoz J. Ajuste de Fármacos en la Enfermedad Renal Crónica. Nefrología al día. 2025.",https://nefrologiaaldia.org/articulo/ajuste-de-farmacos-en-la-enfermedad-renal-cronica/,2025-05-24,TRANSCRIPCION_VERIFICADA_IMAGEN,REFERENCIA_NO_PRESCRIPTIVA,renal_fuente_2025/tabla_05_pag_04.png
FR001-T05-005,MED-0062,ATAZANAVIR,Atazanavir,5,4,Antivirales 1,300 mg/24 h,D,100%,100%,100%,Evitar,,,"García Montemayor V, Sanchez-Agesta Martínez M, Naranjo Muñoz J. Ajuste de Fármacos en la Enfermedad Renal Crónica. Nefrología al día. 2025.",https://nefrologiaaldia.org/articulo/ajuste-de-farmacos-en-la-enfermedad-renal-cronica/,2025-05-24,TRANSCRIPCION_VERIFICADA_IMAGEN,REFERENCIA_NO_PRESCRIPTIVA,renal_fuente_2025/tabla_05_pag_04.png
FR001-T05-006,,,Bictegravir/emtricitabina/tenofovir alafenamida,5,4,Antivirales 1,200/25/50 mg/24 h,D,100%,100%. Si CCr<30 ml/min Evitar,Evitar,Evitar,,,"García Montemayor V, Sanchez-Agesta Martínez M, Naranjo Muñoz J. Ajuste de Fármacos en la Enfermedad Renal Crónica. Nefrología al día. 2025.",https://nefrologiaaldia.org/articulo/ajuste-de-farmacos-en-la-enfermedad-renal-cronica/,2025-05-24,TRANSCRIPCION_VERIFICADA_IMAGEN,REFERENCIA_NO_PRESCRIPTIVA,renal_fuente_2025/tabla_05_pag_04.png
FR001-T05-007,MED-0096,CABOTEGRAVIR,Cabotegravir,5,4,Antivirales 1,600 mg/2 meses,D,100%,100%,100%,Precaución,,,"García Montemayor V, Sanchez-Agesta Martínez M, Naranjo Muñoz J. Ajuste de Fármacos en la Enfermedad Renal Crónica. Nefrología al día. 2025.",https://nefrologiaaldia.org/articulo/ajuste-de-farmacos-en-la-enfermedad-renal-cronica/,2025-05-24,TRANSCRIPCION_VERIFICADA_IMAGEN,REFERENCIA_NO_PRESCRIPTIVA,renal_fuente_2025/tabla_05_pag_04.png
FR001-T05-008,,,Cidofovir,5,4,Antivirales 1,5 mg/kg/semana: 2 semanas. Continuar 5 mg/kg cada 2 semanas,D,5 mg/kg/sem: 2 sem. Cont. 5 - 3 mg/kg/2 sem.,Evitar,Evitar,Evitar,,,"García Montemayor V, Sanchez-Agesta Martínez M, Naranjo Muñoz J. Ajuste de Fármacos en la Enfermedad Renal Crónica. Nefrología al día. 2025.",https://nefrologiaaldia.org/articulo/ajuste-de-farmacos-en-la-enfermedad-renal-cronica/,2025-05-24,TRANSCRIPCION_VERIFICADA_IMAGEN,REFERENCIA_NO_PRESCRIPTIVA,renal_fuente_2025/tabla_05_pag_04.png
FR001-T05-009,MED-0158,COBICISTAT,Cobicistat,5,4,Antivirales 1,300 - 800 mg/24 h,D,No dar si CCr<70 ml/min,Evitar,Evitar,Evitar,,,"García Montemayor V, Sanchez-Agesta Martínez M, Naranjo Muñoz J. Ajuste de Fármacos en la Enfermedad Renal Crónica. Nefrología al día. 2025.",https://nefrologiaaldia.org/articulo/ajuste-de-farmacos-en-la-enfermedad-renal-cronica/,2025-05-24,TRANSCRIPCION_VERIFICADA_IMAGEN,REFERENCIA_NO_PRESCRIPTIVA,renal_fuente_2025/tabla_05_pag_04.png
FR001-T05-010,,,Daclatasvir,5,4,Antivirales 1,60 mg/24 h,D,100%,100%,100%,Dosis postdiálisis,,,"García Montemayor V, Sanchez-Agesta Martínez M, Naranjo Muñoz J. Ajuste de Fármacos en la Enfermedad Renal Crónica. Nefrología al día. 2025.",https://nefrologiaaldia.org/articulo/ajuste-de-farmacos-en-la-enfermedad-renal-cronica/,2025-05-24,TRANSCRIPCION_VERIFICADA_IMAGEN,REFERENCIA_NO_PRESCRIPTIVA,renal_fuente_2025/tabla_05_pag_04.png
FR001-T05-011,,,Darunavir/cobicistat/emtricitabina/tenofovir alafenamida,5,4,Antivirales 1,800/150/200/10 mg/24 h,D,100%,100%. Si CCr <30 ml/min Evitar,Evitar,Evitar,,,"García Montemayor V, Sanchez-Agesta Martínez M, Naranjo Muñoz J. Ajuste de Fármacos en la Enfermedad Renal Crónica. Nefrología al día. 2025.",https://nefrologiaaldia.org/articulo/ajuste-de-farmacos-en-la-enfermedad-renal-cronica/,2025-05-24,TRANSCRIPCION_VERIFICADA_IMAGEN,REFERENCIA_NO_PRESCRIPTIVA,renal_fuente_2025/tabla_05_pag_04.png
FR001-T05-012,,,Dasabuvir,5,4,Antivirales 1,250 mg/12 h,D,100%,100%,100%,Dosis postdiálisis,,,"García Montemayor V, Sanchez-Agesta Martínez M, Naranjo Muñoz J. Ajuste de Fármacos en la Enfermedad Renal Crónica. Nefrología al día. 2025.",https://nefrologiaaldia.org/articulo/ajuste-de-farmacos-en-la-enfermedad-renal-cronica/,2025-05-24,TRANSCRIPCION_VERIFICADA_IMAGEN,REFERENCIA_NO_PRESCRIPTIVA,renal_fuente_2025/tabla_05_pag_04.png
FR001-T05-013,,,Didanosina,5,4,Antivirales 1,125 - 200 mg/12 h,D,125 - 200 mg/12 h,125 - 200 mg/12 h,75 - 100 mg/24 h,50 mg/24 h,,,"García Montemayor V, Sanchez-Agesta Martínez M, Naranjo Muñoz J. Ajuste de Fármacos en la Enfermedad Renal Crónica. Nefrología al día. 2025.",https://nefrologiaaldia.org/articulo/ajuste-de-farmacos-en-la-enfermedad-renal-cronica/,2025-05-24,TRANSCRIPCION_VERIFICADA_IMAGEN,REFERENCIA_NO_PRESCRIPTIVA,renal_fuente_2025/tabla_05_pag_04.png
FR001-T05-014,MED-0205,DOLUTEGRAVIR,Dolutegravir,5,4,Antivirales 1,50 mg/12 - 24 h,D,100%,100%,100%,No datos,,,"García Montemayor V, Sanchez-Agesta Martínez M, Naranjo Muñoz J. Ajuste de Fármacos en la Enfermedad Renal Crónica. Nefrología al día. 2025.",https://nefrologiaaldia.org/articulo/ajuste-de-farmacos-en-la-enfermedad-renal-cronica/,2025-05-24,TRANSCRIPCION_VERIFICADA_IMAGEN,REFERENCIA_NO_PRESCRIPTIVA,renal_fuente_2025/tabla_05_pag_04.png
FR001-T05-015,,,Elvitegravir/Cobicistat/emtricitabina/tenofovir alafenamida,5,4,Antivirales 1,150/150/200/10 mg/24 h,D,100%,100%. Si CCr <30 ml/min Evitar,Evitar,Evitar,,,"García Montemayor V, Sanchez-Agesta Martínez M, Naranjo Muñoz J. Ajuste de Fármacos en la Enfermedad Renal Crónica. Nefrología al día. 2025.",https://nefrologiaaldia.org/articulo/ajuste-de-farmacos-en-la-enfermedad-renal-cronica/,2025-05-24,TRANSCRIPCION_VERIFICADA_IMAGEN,REFERENCIA_NO_PRESCRIPTIVA,renal_fuente_2025/tabla_05_pag_04.png
FR001-T05-016,,,Elbasvir/Grazoprevir,5,4,Antivirales 1,50/100 mg/24 h,No,100%,100%,100%,100%,,,"García Montemayor V, Sanchez-Agesta Martínez M, Naranjo Muñoz J. Ajuste de Fármacos en la Enfermedad Renal Crónica. Nefrología al día. 2025.",https://nefrologiaaldia.org/articulo/ajuste-de-farmacos-en-la-enfermedad-renal-cronica/,2025-05-24,TRANSCRIPCION_VERIFICADA_IMAGEN,REFERENCIA_NO_PRESCRIPTIVA,renal_fuente_2025/tabla_05_pag_04.png
FR001-T05-017,,,Emtricitabina/Tenofovir,5,4,Antivirales 1,200/245 mg/24 h,I,Precaución,,No recomendado,No recomendado,,,"García Montemayor V, Sanchez-Agesta Martínez M, Naranjo Muñoz J. Ajuste de Fármacos en la Enfermedad Renal Crónica. Nefrología al día. 2025.",https://nefrologiaaldia.org/articulo/ajuste-de-farmacos-en-la-enfermedad-renal-cronica/,2025-05-24,TRANSCRIPCION_VERIFICADA_IMAGEN,REFERENCIA_NO_PRESCRIPTIVA,renal_fuente_2025/tabla_05_pag_04.png
FR001-T05-018,,,Emtricitabina/tenofovir alafenamida/rilpivirina,5,4,Antivirales 1,200/25/25 mg/24 h,D,100%,100%. Si CCr <30 ml/min Evitar,Evitar,Evitar,,,"García Montemayor V, Sanchez-Agesta Martínez M, Naranjo Muñoz J. Ajuste de Fármacos en la Enfermedad Renal Crónica. Nefrología al día. 2025.",https://nefrologiaaldia.org/articulo/ajuste-de-farmacos-en-la-enfermedad-renal-cronica/,2025-05-24,TRANSCRIPCION_VERIFICADA_IMAGEN,REFERENCIA_NO_PRESCRIPTIVA,renal_fuente_2025/tabla_05_pag_04.png
FR001-T05-019,,,Famciclovir,5,4,Antivirales 1,500 mg/8 h,D e I,500 mg/8 h,250 mg/12 - 24 h,250 mg/24 h,Dosis postdiálisis,Ccr=50 - 10 ml/min,,"García Montemayor V, Sanchez-Agesta Martínez M, Naranjo Muñoz J. Ajuste de Fármacos en la Enfermedad Renal Crónica. Nefrología al día. 2025.",https://nefrologiaaldia.org/articulo/ajuste-de-farmacos-en-la-enfermedad-renal-cronica/,2025-05-24,TRANSCRIPCION_VERIFICADA_IMAGEN,REFERENCIA_NO_PRESCRIPTIVA,renal_fuente_2025/tabla_05_pag_04.png
FR001-T05-020,,,Fostemsavir,5,4,Antivirales 1,600 mg/12 h,D,100%,100%,100%,,,,"García Montemayor V, Sanchez-Agesta Martínez M, Naranjo Muñoz J. Ajuste de Fármacos en la Enfermedad Renal Crónica. Nefrología al día. 2025.",https://nefrologiaaldia.org/articulo/ajuste-de-farmacos-en-la-enfermedad-renal-cronica/,2025-05-24,TRANSCRIPCION_VERIFICADA_IMAGEN,REFERENCIA_NO_PRESCRIPTIVA,renal_fuente_2025/tabla_05_pag_04.png
FR001-T05-021,,,Ganciclovir,5,4,Antivirales 1,5 mg/kg/12 h IV. Continuar 5 mg/kg/24 h IV ó 1 g/4 h VO,D e I,"5 mg/kg/12 h IV, 2.5-5 mg/kg/24 h IV ó 0.5-1 g/24 h VO",1.25-2.5 mg/kg/24 h IV; 0.6-1.25 mg/kg/24 h IV ó 0.5-1 g/24 h VO,1.25 mg/kg 3xsem IV ó 0.5 g 3xsem,Dosis postdiálisis,,,"García Montemayor V, Sanchez-Agesta Martínez M, Naranjo Muñoz J. Ajuste de Fármacos en la Enfermedad Renal Crónica. Nefrología al día. 2025.",https://nefrologiaaldia.org/articulo/ajuste-de-farmacos-en-la-enfermedad-renal-cronica/,2025-05-24,TRANSCRIPCION_VERIFICADA_IMAGEN,REFERENCIA_NO_PRESCRIPTIVA,renal_fuente_2025/tabla_05_pag_04.png
FR001-T05-022,,,Glecaprevir/Pibrentasvir,5,4,Antivirales 1,300/120 mg/24 h,No,100%,100%,100%,100%,,,"García Montemayor V, Sanchez-Agesta Martínez M, Naranjo Muñoz J. Ajuste de Fármacos en la Enfermedad Renal Crónica. Nefrología al día. 2025.",https://nefrologiaaldia.org/articulo/ajuste-de-farmacos-en-la-enfermedad-renal-cronica/,2025-05-24,TRANSCRIPCION_VERIFICADA_IMAGEN,REFERENCIA_NO_PRESCRIPTIVA,renal_fuente_2025/tabla_05_pag_04.png
FR001-T06-001,,,Indinavir,6,4,Antivirales 2,800 mg/8 h,No,100%,100%,100%,No datos,,,"García Montemayor V, Sanchez-Agesta Martínez M, Naranjo Muñoz J. Ajuste de Fármacos en la Enfermedad Renal Crónica. Nefrología al día. 2025.",https://nefrologiaaldia.org/articulo/ajuste-de-farmacos-en-la-enfermedad-renal-cronica/,2025-05-24,TRANSCRIPCION_VERIFICADA_IMAGEN,REFERENCIA_NO_PRESCRIPTIVA,renal_fuente_2025/tabla_06_pag_04.png
FR001-T06-002,MED-0328,LAMIVUDINA,Lamivudina,6,4,Antivirales 2,150 mg/12 h,D e I,100%,100 - 150 mg/24 h,25 - 50 mg/24 h,Dosis postdiálisis,No datos,,"García Montemayor V, Sanchez-Agesta Martínez M, Naranjo Muñoz J. Ajuste de Fármacos en la Enfermedad Renal Crónica. Nefrología al día. 2025.",https://nefrologiaaldia.org/articulo/ajuste-de-farmacos-en-la-enfermedad-renal-cronica/,2025-05-24,TRANSCRIPCION_VERIFICADA_IMAGEN,REFERENCIA_NO_PRESCRIPTIVA,renal_fuente_2025/tabla_06_pag_04.png
FR001-T06-003,,,Ledipasvir/Sofosbuvir,6,4,Antivirales 2,90/400 mg/24 h,D,100%,100%. Si CCr <30 ml/min Evitar,Evitar,Evitar,,,"García Montemayor V, Sanchez-Agesta Martínez M, Naranjo Muñoz J. Ajuste de Fármacos en la Enfermedad Renal Crónica. Nefrología al día. 2025.",https://nefrologiaaldia.org/articulo/ajuste-de-farmacos-en-la-enfermedad-renal-cronica/,2025-05-24,TRANSCRIPCION_VERIFICADA_IMAGEN,REFERENCIA_NO_PRESCRIPTIVA,renal_fuente_2025/tabla_06_pag_04.png
FR001-T06-004,MED-0337,LETERMOVIR,Letermovir,6,4,Antivirales 2,240 mg/24 h,D,100%,Precaución,No datos,No datos,,,"García Montemayor V, Sanchez-Agesta Martínez M, Naranjo Muñoz J. Ajuste de Fármacos en la Enfermedad Renal Crónica. Nefrología al día. 2025.",https://nefrologiaaldia.org/articulo/ajuste-de-farmacos-en-la-enfermedad-renal-cronica/,2025-05-24,TRANSCRIPCION_VERIFICADA_IMAGEN,REFERENCIA_NO_PRESCRIPTIVA,renal_fuente_2025/tabla_06_pag_04.png
FR001-T06-005,,,Lopinavir/Ritonavir,6,4,Antivirales 2,400/100 mg/12 h,D,100%,100%,100%,100%,,,"García Montemayor V, Sanchez-Agesta Martínez M, Naranjo Muñoz J. Ajuste de Fármacos en la Enfermedad Renal Crónica. Nefrología al día. 2025.",https://nefrologiaaldia.org/articulo/ajuste-de-farmacos-en-la-enfermedad-renal-cronica/,2025-05-24,TRANSCRIPCION_VERIFICADA_IMAGEN,REFERENCIA_NO_PRESCRIPTIVA,renal_fuente_2025/tabla_06_pag_04.png
FR001-T06-006,,,Nelfinavir,6,4,Antivirales 2,750 mg/12 h - 1250 mg/24 h,No,100%,100%,100%,No datos,,,"García Montemayor V, Sanchez-Agesta Martínez M, Naranjo Muñoz J. Ajuste de Fármacos en la Enfermedad Renal Crónica. Nefrología al día. 2025.",https://nefrologiaaldia.org/articulo/ajuste-de-farmacos-en-la-enfermedad-renal-cronica/,2025-05-24,TRANSCRIPCION_VERIFICADA_IMAGEN,REFERENCIA_NO_PRESCRIPTIVA,renal_fuente_2025/tabla_06_pag_04.png
FR001-T06-007,MED-0418,NEVIRAPINA,Nevirapina,6,4,Antivirales 2,200 mg/24 h x 14 días. Continuar 200 mg/12 h,No,100%,100%,100%,No datos,,,"García Montemayor V, Sanchez-Agesta Martínez M, Naranjo Muñoz J. Ajuste de Fármacos en la Enfermedad Renal Crónica. Nefrología al día. 2025.",https://nefrologiaaldia.org/articulo/ajuste-de-farmacos-en-la-enfermedad-renal-cronica/,2025-05-24,TRANSCRIPCION_VERIFICADA_IMAGEN,REFERENCIA_NO_PRESCRIPTIVA,renal_fuente_2025/tabla_06_pag_04.png
FR001-T06-008,,,Nirmatrelvir/Ritonavir,6,4,Antivirales 2,300/100 mg/día,D,100%,150/100 mg/día. Si CCr<30 ml/min Contraindicado,Contraindicado,Contraindicado,,,"García Montemayor V, Sanchez-Agesta Martínez M, Naranjo Muñoz J. Ajuste de Fármacos en la Enfermedad Renal Crónica. Nefrología al día. 2025.",https://nefrologiaaldia.org/articulo/ajuste-de-farmacos-en-la-enfermedad-renal-cronica/,2025-05-24,TRANSCRIPCION_VERIFICADA_IMAGEN,REFERENCIA_NO_PRESCRIPTIVA,renal_fuente_2025/tabla_06_pag_04.png
FR001-T06-009,,,Ombitasvir,6,4,Antivirales 2,12.5 mg/24 h,No,100%,100%,100%,Dosis postdiálisis,,,"García Montemayor V, Sanchez-Agesta Martínez M, Naranjo Muñoz J. Ajuste de Fármacos en la Enfermedad Renal Crónica. Nefrología al día. 2025.",https://nefrologiaaldia.org/articulo/ajuste-de-farmacos-en-la-enfermedad-renal-cronica/,2025-05-24,TRANSCRIPCION_VERIFICADA_IMAGEN,REFERENCIA_NO_PRESCRIPTIVA,renal_fuente_2025/tabla_06_pag_04.png
FR001-T06-010,MED-0440,OSELTAMIVIR,Oseltamivir,6,4,Antivirales 2,75 mg/12 h,D e I,75 mg/12 h. Si CCr <60 ml/min: 30 mg/12 h,30 mg/12 h. Si CCr <30 ml/min: 30 mg/24 h,30 mg/48 h,30 mg postdiálisis,,,"García Montemayor V, Sanchez-Agesta Martínez M, Naranjo Muñoz J. Ajuste de Fármacos en la Enfermedad Renal Crónica. Nefrología al día. 2025.",https://nefrologiaaldia.org/articulo/ajuste-de-farmacos-en-la-enfermedad-renal-cronica/,2025-05-24,TRANSCRIPCION_VERIFICADA_IMAGEN,REFERENCIA_NO_PRESCRIPTIVA,renal_fuente_2025/tabla_06_pag_04.png
FR001-T06-011,,,Paritaprevir,6,4,Antivirales 2,75 mg/24 h,No,100%,100%,100%,Dosis postdiálisis,,,"García Montemayor V, Sanchez-Agesta Martínez M, Naranjo Muñoz J. Ajuste de Fármacos en la Enfermedad Renal Crónica. Nefrología al día. 2025.",https://nefrologiaaldia.org/articulo/ajuste-de-farmacos-en-la-enfermedad-renal-cronica/,2025-05-24,TRANSCRIPCION_VERIFICADA_IMAGEN,REFERENCIA_NO_PRESCRIPTIVA,renal_fuente_2025/tabla_06_pag_04.png
FR001-T06-012,,,Ribavirina,6,4,Antivirales 2,500 - 600 mg/12 h,D,500 - 600 mg/12 h,400 - 200 mg/24 h,200 mg/24 h,200 mg/24 h,,,"García Montemayor V, Sanchez-Agesta Martínez M, Naranjo Muñoz J. Ajuste de Fármacos en la Enfermedad Renal Crónica. Nefrología al día. 2025.",https://nefrologiaaldia.org/articulo/ajuste-de-farmacos-en-la-enfermedad-renal-cronica/,2025-05-24,TRANSCRIPCION_VERIFICADA_IMAGEN,REFERENCIA_NO_PRESCRIPTIVA,renal_fuente_2025/tabla_06_pag_04.png
FR001-T06-013,MED-0501,RILPIRIVINA,Rilpivirina,6,4,Antivirales 2,25 mg c/24 h,D,100%,Precaución,Precaución,,,,"García Montemayor V, Sanchez-Agesta Martínez M, Naranjo Muñoz J. Ajuste de Fármacos en la Enfermedad Renal Crónica. Nefrología al día. 2025.",https://nefrologiaaldia.org/articulo/ajuste-de-farmacos-en-la-enfermedad-renal-cronica/,2025-05-24,TRANSCRIPCION_VERIFICADA_IMAGEN,REFERENCIA_NO_PRESCRIPTIVA,renal_fuente_2025/tabla_06_pag_04.png
FR001-T06-014,,,Rimantadina,6,4,Antivirales 2,100 mg/12 h,I,100 mg/12 h,100 mg/12 h,100 mg/24 h,100 mg/24 h,,,"García Montemayor V, Sanchez-Agesta Martínez M, Naranjo Muñoz J. Ajuste de Fármacos en la Enfermedad Renal Crónica. Nefrología al día. 2025.",https://nefrologiaaldia.org/articulo/ajuste-de-farmacos-en-la-enfermedad-renal-cronica/,2025-05-24,TRANSCRIPCION_VERIFICADA_IMAGEN,REFERENCIA_NO_PRESCRIPTIVA,renal_fuente_2025/tabla_06_pag_04.png
FR001-T06-015,,,Roultegravir/Rilpivirina,6,4,Antivirales 2,50/25 mg/24 h,D,100%,Precaución,Evitar,Evitar,,,"García Montemayor V, Sanchez-Agesta Martínez M, Naranjo Muñoz J. Ajuste de Fármacos en la Enfermedad Renal Crónica. Nefrología al día. 2025.",https://nefrologiaaldia.org/articulo/ajuste-de-farmacos-en-la-enfermedad-renal-cronica/,2025-05-24,TRANSCRIPCION_VERIFICADA_IMAGEN,REFERENCIA_NO_PRESCRIPTIVA,renal_fuente_2025/tabla_06_pag_04.png
FR001-T06-016,,,Simeprevir,6,4,Antivirales 2,150 mg/24 h,D,100%,100%. Si CCr <30 ml/min: Evitar,Evitar,Evitar,,,"García Montemayor V, Sanchez-Agesta Martínez M, Naranjo Muñoz J. Ajuste de Fármacos en la Enfermedad Renal Crónica. Nefrología al día. 2025.",https://nefrologiaaldia.org/articulo/ajuste-de-farmacos-en-la-enfermedad-renal-cronica/,2025-05-24,TRANSCRIPCION_VERIFICADA_IMAGEN,REFERENCIA_NO_PRESCRIPTIVA,renal_fuente_2025/tabla_06_pag_04.png
FR001-T06-017,MED-0529,SOFOSBUVIR,Sofosbuvir,6,4,Antivirales 2,400 mg/24 h,D,100%,100%. Si CCr <30 ml/min: Evitar,Evitar,Evitar,,,"García Montemayor V, Sanchez-Agesta Martínez M, Naranjo Muñoz J. Ajuste de Fármacos en la Enfermedad Renal Crónica. Nefrología al día. 2025.",https://nefrologiaaldia.org/articulo/ajuste-de-farmacos-en-la-enfermedad-renal-cronica/,2025-05-24,TRANSCRIPCION_VERIFICADA_IMAGEN,REFERENCIA_NO_PRESCRIPTIVA,renal_fuente_2025/tabla_06_pag_04.png
FR001-T06-018,,,Sofosbuvir/Velpatasvir/Voxilaprevir,6,4,Antivirales 2,400/100/100 mg/24 h,D,100%,100%,Evitar,Evitar,,,"García Montemayor V, Sanchez-Agesta Martínez M, Naranjo Muñoz J. Ajuste de Fármacos en la Enfermedad Renal Crónica. Nefrología al día. 2025.",https://nefrologiaaldia.org/articulo/ajuste-de-farmacos-en-la-enfermedad-renal-cronica/,2025-05-24,TRANSCRIPCION_VERIFICADA_IMAGEN,REFERENCIA_NO_PRESCRIPTIVA,renal_fuente_2025/tabla_06_pag_04.png
FR001-T06-019,,,Stavudina,6,4,Antivirales 2,30 - 40 mg/12 h,D e I,100%,20 mg/12 h,20 mg/24 h,Dosis postdiálisis,Ccr=10 - 50 ml/min,,"García Montemayor V, Sanchez-Agesta Martínez M, Naranjo Muñoz J. Ajuste de Fármacos en la Enfermedad Renal Crónica. Nefrología al día. 2025.",https://nefrologiaaldia.org/articulo/ajuste-de-farmacos-en-la-enfermedad-renal-cronica/,2025-05-24,TRANSCRIPCION_VERIFICADA_IMAGEN,REFERENCIA_NO_PRESCRIPTIVA,renal_fuente_2025/tabla_06_pag_04.png
FR001-T06-020,MED-0560,TENOFOVIR,Tenofovir,6,4,Antivirales 2,300 mg/24 h,I,300 mg/24 h,300 mg/48 h. Si CCr <30 ml/min: 300 mg x 2 dosis semanales,Evitar,Evitar,,,"García Montemayor V, Sanchez-Agesta Martínez M, Naranjo Muñoz J. Ajuste de Fármacos en la Enfermedad Renal Crónica. Nefrología al día. 2025.",https://nefrologiaaldia.org/articulo/ajuste-de-farmacos-en-la-enfermedad-renal-cronica/,2025-05-24,TRANSCRIPCION_VERIFICADA_IMAGEN,REFERENCIA_NO_PRESCRIPTIVA,renal_fuente_2025/tabla_06_pag_04.png
FR001-T06-021,,,Tenofovir Alafenamida,6,4,Antivirales 2,25 mg/24 h,D,25 mg/24 h,25 mg/24 h. Si CCr<15 ml/min No recomendado,No recomendado,25 mg/24 h,,,"García Montemayor V, Sanchez-Agesta Martínez M, Naranjo Muñoz J. Ajuste de Fármacos en la Enfermedad Renal Crónica. Nefrología al día. 2025.",https://nefrologiaaldia.org/articulo/ajuste-de-farmacos-en-la-enfermedad-renal-cronica/,2025-05-24,TRANSCRIPCION_VERIFICADA_IMAGEN,REFERENCIA_NO_PRESCRIPTIVA,renal_fuente_2025/tabla_06_pag_04.png
FR001-T06-022,,,Tenofovir disoproxilo Macleods 245 mg,6,4,Antivirales 2,245 mg/24 h,I,245 mg/24 h,245 mg/48 h. Si CCr <30 ml/min: 245 mg cada 72-96 h,245 mg cada 72-96 h,245 mg semanal tras diálisis,,,"García Montemayor V, Sanchez-Agesta Martínez M, Naranjo Muñoz J. Ajuste de Fármacos en la Enfermedad Renal Crónica. Nefrología al día. 2025.",https://nefrologiaaldia.org/articulo/ajuste-de-farmacos-en-la-enfermedad-renal-cronica/,2025-05-24,TRANSCRIPCION_VERIFICADA_IMAGEN,REFERENCIA_NO_PRESCRIPTIVA,renal_fuente_2025/tabla_06_pag_04.png
FR001-T06-023,MED-0597,VALACICLOVIR,Valaciclovir,6,4,Antivirales 2,1 g/8 h,D e I,1 g/8 h,0.5 - 1 g/12 - 24 h,0.5 g/24 h,Dosis postdiálisis,,,"García Montemayor V, Sanchez-Agesta Martínez M, Naranjo Muñoz J. Ajuste de Fármacos en la Enfermedad Renal Crónica. Nefrología al día. 2025.",https://nefrologiaaldia.org/articulo/ajuste-de-farmacos-en-la-enfermedad-renal-cronica/,2025-05-24,TRANSCRIPCION_VERIFICADA_IMAGEN,REFERENCIA_NO_PRESCRIPTIVA,renal_fuente_2025/tabla_06_pag_04.png
FR001-T06-024,MED-0599,VALGANCICLOVIR,Valganciclovir,6,4,Antivirales 2,900 mg/12 h,D e I,900 mg/12 h. Si CCr <60 ml/min: 450 mg/12 h,450 mg/12 h. Si CCr <40 ml/min: 450 mg/24 h,No usar si CCr<10 ml/min,Evitar,,,"García Montemayor V, Sanchez-Agesta Martínez M, Naranjo Muñoz J. Ajuste de Fármacos en la Enfermedad Renal Crónica. Nefrología al día. 2025.",https://nefrologiaaldia.org/articulo/ajuste-de-farmacos-en-la-enfermedad-renal-cronica/,2025-05-24,TRANSCRIPCION_VERIFICADA_IMAGEN,REFERENCIA_NO_PRESCRIPTIVA,renal_fuente_2025/tabla_06_pag_04.png
FR001-T06-025,MED-0604,VELPATASVIR,Velpatasvir,6,4,Antivirales 2,100 mg/24 h,D,100%,100%. Si CCr <30 ml/min: Evitar,Evitar,Evitar,,,"García Montemayor V, Sanchez-Agesta Martínez M, Naranjo Muñoz J. Ajuste de Fármacos en la Enfermedad Renal Crónica. Nefrología al día. 2025.",https://nefrologiaaldia.org/articulo/ajuste-de-farmacos-en-la-enfermedad-renal-cronica/,2025-05-24,TRANSCRIPCION_VERIFICADA_IMAGEN,REFERENCIA_NO_PRESCRIPTIVA,renal_fuente_2025/tabla_06_pag_04.png
FR001-T06-026,,,Zalcitabina,6,4,Antivirales 2,0.75 mg/8 h,I,Cada 8 h,Cada 12 h,Cada 24 h,Dosis postdiálisis,Ccr=10 - 50 ml/min,,"García Montemayor V, Sanchez-Agesta Martínez M, Naranjo Muñoz J. Ajuste de Fármacos en la Enfermedad Renal Crónica. Nefrología al día. 2025.",https://nefrologiaaldia.org/articulo/ajuste-de-farmacos-en-la-enfermedad-renal-cronica/,2025-05-24,TRANSCRIPCION_VERIFICADA_IMAGEN,REFERENCIA_NO_PRESCRIPTIVA,renal_fuente_2025/tabla_06_pag_04.png
FR001-T06-027,,,Foscarnet,6,4,Antivirales 2,60 mg/kg/8 h 2 semanas. Continuar 90-120 mg/kg/24 h,AJUSTE POR CCr ml/min/kg,Ver tabla: CCr >1.4,Ver tabla: CCr 0.8-1 / 0.6-0.8,Ver tabla: CCr <0.4,Ver tabla original,Ver tabla original,La fuente usa CCr ml/min/kg y presenta ajustes separados de inducción y mantenimiento; consultar imagen original antes de aplicar.,"García Montemayor V, Sanchez-Agesta Martínez M, Naranjo Muñoz J. Ajuste de Fármacos en la Enfermedad Renal Crónica. Nefrología al día. 2025.",https://nefrologiaaldia.org/articulo/ajuste-de-farmacos-en-la-enfermedad-renal-cronica/,2025-05-24,TRANSCRIPCION_VERIFICADA_IMAGEN,REFERENCIA_NO_PRESCRIPTIVA,renal_fuente_2025/tabla_06_pag_04.png
