toxico,sintomas_base,antidoto_tratamiento_base,estado_validacion
Droga,Síntomas de Intoxicación,Antídoto/Tratamiento,PENDIENTE_VALIDACION
Cocaina,"Taquicardia, hipertensión, hipertermia, agitación, alucinaciones, convulsiones, dolor torácico, midriasis.","Benzodiacepinas (para la agitación y convulsiones), enfriamiento activo (para la hipertermia), nitroglicerina o bloqueadores de canales de calcio (para el dolor torácico).",PENDIENTE_VALIDACION
Metanfetamina,"Taquicardia, hipertensión, hipertermia, agitación, alucinaciones, convulsiones, midriasis, sudoración excesiva.","Benzodiacepinas (para la agitación y convulsiones), enfriamiento activo (para la hipertermia), antihipertensivos si es necesario.",PENDIENTE_VALIDACION
Extasis,"Hipertermia, hiponatremia, confusión, agitación, alucinaciones, taquicardia, bruxismo, mioclonías.","Enfriamiento activo (para la hipertermia), benzodiacepinas (para la agitación), solución salina hipertónica (para la hiponatremia).",PENDIENTE_VALIDACION
LSD,"Alucinaciones, paranoia, taquicardia, hipertensión, midriasis, mareos, náuseas.","Benzodiacepinas (para la agitación y paranoia), apoyo emocional y ambiente tranquilo.",PENDIENTE_VALIDACION
Heroina,"Depresión respiratoria, miosis (pupilas puntiformes), bradicardia, hipotensión, somnolencia, coma.","Naloxona (antídoto específico), soporte respiratorio si es necesario.",PENDIENTE_VALIDACION
Cannabis,"Taquicardia, ansiedad, paranoia, alucinaciones, hiperemesis cíclica, boca seca, conjuntivitis.","Tratamiento sintomático, benzodiacepinas (para la ansiedad y paranoia), antieméticos (para la hiperemesis).",PENDIENTE_VALIDACION
Alcohol,"Depresión respiratoria, confusión, vómitos, ataxia, hipotermia, coma, bradicardia.","Manejo sintomático, soporte respiratorio, tiamina (para prevenir síndrome de Wernicke-Korsakoff).",PENDIENTE_VALIDACION
Benzodiacepinas,"Somnolencia, confusión, ataxia, depresión respiratoria, coma.","Flumazenil (antídoto específico, usar con precaución).",PENDIENTE_VALIDACION
Ketamina,"Alucinaciones, disociación, hipertensión, taquicardia, midriasis, agitación, pérdida de coordinación.","Benzodiacepinas (para la agitación), manejo sintomático, soporte respiratorio si es necesario.",PENDIENTE_VALIDACION
GHB,"Somnolencia, confusión, bradicardia, hipotermia, depresión respiratoria, coma.","Manejo sintomático, soporte respiratorio si es necesario.",PENDIENTE_VALIDACION
FENTANILO,"Depresión respiratoria, miosis (pupilas puntiformes), bradicardia, hipotensión, coma.","Naloxona (antídoto específico), soporte respiratorio si es necesario.",PENDIENTE_VALIDACION
Popper,"Cefalea, mareos, hipotensión, taquicardia, desorientación, síncope.","Tratamiento sintomático, oxígeno suplementario.",PENDIENTE_VALIDACION
PCP,"Alucinaciones, agresividad, nistagmo vertical u horizontal, hipertensión, taquicardia, hipertermia.","Benzodiacepinas (para la agitación y convulsiones), enfriamiento activo (para la hipertermia).",PENDIENTE_VALIDACION
Crack,"Similar a la cocaína: taquicardia, hipertensión, hipertermia, agitación, alucinaciones, convulsiones, dolor torácico, midriasis.","Benzodiacepinas (para la agitación y convulsiones), enfriamiento activo (para la hipertermia), nitroglicerina o bloqueadores de canales de calcio (para el dolor torácico).",PENDIENTE_VALIDACION
Glifosato,"Náuseas, vómitos, diarrea, dolor abdominal, dificultad respiratoria, hipotensión.","Tratamiento sintomático, monitoreo de la función renal y respiratoria.",PENDIENTE_VALIDACION
Paraquat,"Dolor abdominal, vómitos, diarrea, dificultad respiratoria, fallo renal y hepático, fibrosis pulmonar.","No hay antídoto específico. Tratamiento sintomático, descontaminación gástrica, hemoperfusión, y soporte respiratorio.",PENDIENTE_VALIDACION
"2,4-D","Náuseas, vómitos, dolor abdominal, debilidad muscular, convulsiones, acidosis metabólica.","Tratamiento sintomático, diuresis alcalina forzada, monitoreo cardíaco.",PENDIENTE_VALIDACION
Atrazina,"Náuseas, vómitos, diarrea, irritación de la piel y ojos, dificultad respiratoria.","Tratamiento sintomático, descontaminación cutánea y ocular, monitoreo respiratorio.",PENDIENTE_VALIDACION
Carbamatos,"Salivación excesiva, sudoración, náuseas, vómitos, diarrea, bradicardia, miosis, convulsiones.","Atropina, pralidoxima (2-PAM), tratamiento sintomático.",PENDIENTE_VALIDACION
Organofosforados,"Salivación excesiva, sudoración, náuseas, vómitos, diarrea, bradicardia, miosis, convulsiones, debilidad muscular.","Atropina, pralidoxima (2-PAM), tratamiento sintomático, soporte respiratorio si es necesario.",PENDIENTE_VALIDACION
DDT,"Irritación de la piel, mareos, náuseas, vómitos, convulsiones, arritmias cardíacas.","Tratamiento sintomático, anticonvulsivos, monitoreo cardíaco.",PENDIENTE_VALIDACION
Malation,"Salivación excesiva, sudoración, náuseas, vómitos, diarrea, bradicardia, miosis, convulsiones, debilidad muscular.","Atropina, pralidoxima (2-PAM), tratamiento sintomático, soporte respiratorio si es necesario.",PENDIENTE_VALIDACION
Lindano,"Mareos, náuseas, vómitos, convulsiones, hiperexcitabilidad, coma.","Tratamiento sintomático, anticonvulsivos (diazepam), monitoreo respiratorio.",PENDIENTE_VALIDACION
Permetrina,"Irritación de la piel, mareos, náuseas, vómitos, convulsiones.","Tratamiento sintomático, descontaminación cutánea, anticonvulsivos.",PENDIENTE_VALIDACION
Dieldrin,"Irritación de la piel, mareos, náuseas, vómitos, convulsiones, temblores.","Tratamiento sintomático, anticonvulsivos, monitoreo respiratorio.",PENDIENTE_VALIDACION
Clorpirifos,"Salivación excesiva, sudoración, náuseas, vómitos, diarrea, bradicardia, miosis, convulsiones, debilidad muscular.","Atropina, pralidoxima (2-PAM), tratamiento sintomático, soporte respiratorio si es necesario.",PENDIENTE_VALIDACION
Bromuro de metilo,"Irritación de la piel y ojos, mareos, náuseas, vómitos, convulsiones, dificultad respiratoria, edema pulmonar.","Tratamiento sintomático, oxígeno suplementario, broncodilatadores.",PENDIENTE_VALIDACION
Cianamida,"Irritación de la piel y ojos, náuseas, vómitos, diarrea, dificultad respiratoria, colapso circulatorio.","Tratamiento sintomático, monitoreo respiratorio y cardiovascular, soporte vital avanzado.",PENDIENTE_VALIDACION
Fosfuro de aluminio,"Náuseas, vómitos, dolor abdominal, dificultad respiratoria, edema pulmonar, colapso cardiovascular.","No hay antídoto específico. Tratamiento sintomático, soporte respiratorio y cardiovascular, descontaminación gástrica.",PENDIENTE_VALIDACION
Hexaclorobenceno,"Irritación de la piel, mareos, náuseas, vómitos, fotosensibilidad, daño hepático.","Tratamiento sintomático, monitoreo hepático, soporte vital avanzado si es necesario.",PENDIENTE_VALIDACION
Plomo,"Anemia, dolor abdominal, irritabilidad, fatiga, cefalea, neuropatía, encefalopatía, retraso en el desarrollo (niños).","EDTA (ácido etilendiaminotetraacético), DMSA (ácido meso-2,3-dimercaptosuccínico), BAL (dimercaprol).",PENDIENTE_VALIDACION
Mercurio,"Temblor, insomnio, pérdida de memoria, irritabilidad, debilidad muscular, neuropatía periférica, nefrotoxicidad.","BAL (dimercaprol), DMSA (ácido meso-2,3-dimercaptosuccínico), penicilamina.",PENDIENTE_VALIDACION
Arsenico,"Náuseas, vómitos, diarrea, dolor abdominal, neuropatía, lesiones cutáneas, arritmias cardíacas, cáncer.","BAL (dimercaprol), DMSA (ácido meso-2,3-dimercaptosuccínico), penicilamina.",PENDIENTE_VALIDACION
Cadmio,"Náuseas, vómitos, diarrea, dolor abdominal, daño renal, disnea, enfisema, osteoporosis, cáncer pulmonar.","No hay antídoto específico. Tratamiento sintomático y soporte vital, diálisis para insuficiencia renal.",PENDIENTE_VALIDACION
Cromo,"Irritación de la piel, ulceraciones cutáneas, daño renal, daño hepático, cáncer pulmonar.",No hay antídoto específico. Tratamiento sintomático y soporte vital.,PENDIENTE_VALIDACION
Niquel,"Dermatitis, náuseas, vómitos, dolor abdominal, tos, dificultad respiratoria, fibrosis pulmonar, cáncer.",No hay antídoto específico. Tratamiento sintomático y soporte vital.,PENDIENTE_VALIDACION
Talio,"Náuseas, vómitos, dolor abdominal, neuropatía, alopecia, insuficiencia renal, encefalopatía.","Prussian blue (azul de Prusia), diálisis para insuficiencia renal, tratamiento sintomático.",PENDIENTE_VALIDACION
Hierro,"Náuseas, vómitos, dolor abdominal, diarrea, letargia, shock, hepatotoxicidad, acidosis metabólica.","Deferoxamina (antídoto específico), tratamiento sintomático y soporte vital.",PENDIENTE_VALIDACION
Aluminio,"Encefalopatía, anemia microcítica, debilidad muscular, fracturas óseas, osteomalacia.","Desferrioxamina (antídoto específico), tratamiento sintomático y soporte vital.",PENDIENTE_VALIDACION
Cobre,"Náuseas, vómitos, dolor abdominal, ictericia, hematuria, daño hepático, anemia hemolítica.","Penicilamina, BAL (dimercaprol), tratamiento sintomático y soporte vital.",PENDIENTE_VALIDACION
Zinc,"Náuseas, vómitos, dolor abdominal, diarrea, letargia, anemia, neurotoxicidad.","Tratamiento sintomático y soporte vital, quelantes si es necesario.",PENDIENTE_VALIDACION
Manganeso,"Fatiga, cefalea, dificultad para caminar, espasticidad, parkinsonismo, irritabilidad, psicosis.",No hay antídoto específico. Tratamiento sintomático y soporte vital,PENDIENTE_VALIDACION
